NARA Format ID,Format Name,File Extension,Content Category,Risk Level,Number calculated in the Risk Matrix,Number of identified files in the combined NARA holdings,Percentage of 1.5 billion total files in the NARA holdings,Prevalence: Format Adoption Level as measured by Proportion of File Format in the Overall NARA Holdings,"Feasibility: Ability to Convert (tools exist for conversion that does not alter content in unacceptable ways; NARA can perform acceptable transformations) Highest possible score=5, Lowest possible score =-5",NARA Preferred,NARA Acceptable,TOTAL,,,,,,,,,,,,,,,,,,,,,,,,,,,,,,,,,,,,,,,,,,
NF00100,3D Studio Shapes,3ds,CAD/3D/Vector Graphics,High Risk,-22,5,0.00,-5,-3,,,-30,,,,,,,,,,,,,,,,,,,,,,,,,,,,,,,,,,,,,,,,,,
NF00101,Third Generation Partnership Project (3GPP),3gp,Multimedia,Low Risk,38,2281,0.00,-5,3,,,36,,,,,,,,,,,,,,,,,,,,,,,,,,,,,,,,,,,,,,,,,,
NF00102,Adaptive Multi-Rate Audio Codec,amr; 3ga,Digital Audio,Low Risk,30,58,0.00,-5,-3,,,22,,,,,,,,,,,,,,,,,,,,,,,,,,,,,,,,,,,,,,,,,,
NF00103,Adobe InDesign,indd,Presentation/Publishing,Moderate Risk,7,29075,0.00,-5,-3,,,-1,,,,,,,,,,,,,,,,,,,,,,,,,,,,,,,,,,,,,,,,,,
NF00104,Adobe PhotoDeluxe,pdd,Digital Still Image,Moderate Risk,-1,430,0.00,-5,3,,,-3,,,,,,,,,,,,,,,,,,,,,,,,,,,,,,,,,,,,,,,,,,
NF00105,Adobe Photoshop,psd,Digital Still Image,Moderate Risk,10,47056,0.00,-5,3,,,8,,,,,,,,,,,,,,,,,,,,,,,,,,,,,,,,,,,,,,,,,,
NF00106,Advanced Audio Coding MPEG-2 Audio Data Interchange Format,aac,Digital Audio,Low Risk,33,2,0.00,-5,-3,,,25,,,,,,,,,,,,,,,,,,,,,,,,,,,,,,,,,,,,,,,,,,
NF00107,"Advanced Audio Coding MPEG-2, MPEG-4",aac,Digital Audio,Low Risk,28,13100,0.00,-5,3,,,26,,,,,,,,,,,,,,,,,,,,,,,,,,,,,,,,,,,,,,,,,,
NF00108,Advanced Audio Coding MPEG-4 Low Complexity Object,m4a; mp4,Digital Audio,Low Risk,23,10933,0.00,-5,-3,,,15,,,,,,,,,,,,,,,,,,,,,,,,,,,,,,,,,,,,,,,,,,
NF00109,Advanced Systems Format,asf,Digital Video,Moderate Risk,4,2,0.00,-5,-3,,,-4,,,,,,,,,,,,,,,,,,,,,,,,,,,,,,,,,,,,,,,,,,
NF00110,Apple Macintosh Desktop Services Store,DS_STORE,Software,Moderate Risk,-6,71,0.00,-5,5,,,-6,,,,,,,,,,,,,,,,,,,,,,,,,,,,,,,,,,,,,,,,,,
NF00111,ARC Archive,arc,Software,Moderate Risk,-3,557,0.00,-5,5,,,-3,,,,,,,,,,,,,,,,,,,,,,,,,,,,,,,,,,,,,,,,,,
NF00112,Archive File Format for the Web,arc,Web Content,Low Risk,30,0,0.00,-5,5,,X,30,,,,,,,,,,,,,,,,,,,,,,,,,,,,,,,,,,,,,,,,,,
NF00113,ASCII 7-bit Text,asc; txt; csv,Textual,Low Risk,37,4165,0.00,-6,5,,,36,,,,,,,,,,,,,,,,,,,,,,,,,,,,,,,,,,,,,,,,,,
NF00114,ASCII 8-bit Text,asc; txt; csv,Textual,Low Risk,40,52697013,3.51,-5,5,X,,40,,,,,,,,,,,,,,,,,,,,,,,,,,,,,,,,,,,,,,,,,,
NF00115,Audio Interchange File Format,aif; aiff; ief,Digital Audio,Moderate Risk,18,1216,0.00,-5,5,,X,18,,,,,,,,,,,,,,,,,,,,,,,,,,,,,,,,,,,,,,,,,,
NF00116,Audio Interchange File Format with LPCM Audio,aif; aiff; x-aiff; x-pn-aiff,Digital Audio,Moderate Risk,19,1216,0.00,-5,5,,X,19,,,,,,,,,,,,,,,,,,,,,,,,,,,,,,,,,,,,,,,,,,
NF00117,Audio Video Interleaved,avi,Digital Video,Low Risk,28,5998,0.00,-5,5,,X,28,,,,,,,,,,,,,,,,,,,,,,,,,,,,,,,,,,,,,,,,,,
NF00118,AutoCAD 2000-2002,dwg,CAD/3D/Vector Graphics,Moderate Risk,-5,203,0.00,-5,-3,,,-13,,,,,,,,,,,,,,,,,,,,,,,,,,,,,,,,,,,,,,,,,,
NF00118,AutoCAD 2004-2005,dwg,CAD/3D/Vector Graphics,Moderate Risk,-1,73,0.00,-5,-3,,,-9,,,,,,,,,,,,,,,,,,,,,,,,,,,,,,,,,,,,,,,,,,
NF00118,AutoCAD 2007-2008,dwg,CAD/3D/Vector Graphics,Moderate Risk,-1,55,0.00,-5,-3,,,-9,,,,,,,,,,,,,,,,,,,,,,,,,,,,,,,,,,,,,,,,,,
NF00118,AutoCAD 2010/2011/2012,dwg,CAD/3D/Vector Graphics,Moderate Risk,-1,33,0.00,-5,-3,,,-9,,,,,,,,,,,,,,,,,,,,,,,,,,,,,,,,,,,,,,,,,,
NF00122,AutoCAD Block Attribute Template,bkl,CAD/3D/Vector Graphics,High Risk,-14,25,0.00,-5,-3,,,-22,,,,,,,,,,,,,,,,,,,,,,,,,,,,,,,,,,,,,,,,,,
NF00123,AutoCAD Colour-Dependant Plot Style Table,ctb,CAD/3D/Vector Graphics,High Risk,-14,1,0.00,-5,-3,,,-22,,,,,,,,,,,,,,,,,,,,,,,,,,,,,,,,,,,,,,,,,,
NF00124,AutoCAD Compiled Menu,dll,CAD/3D/Vector Graphics,High Risk,-14,2,0.00,-5,-3,,,-22,,,,,,,,,,,,,,,,,,,,,,,,,,,,,,,,,,,,,,,,,,
NF00125,AutoCAD Custom Dictionary,cus,CAD/3D/Vector Graphics,High Risk,-14,1,0.00,-5,-3,,,-22,,,,,,,,,,,,,,,,,,,,,,,,,,,,,,,,,,,,,,,,,,
NF00126,AutoCAD dbConnect Template Set,dbq,CAD/3D/Vector Graphics,High Risk,-14,166,0.00,-5,-3,,,-22,,,,,,,,,,,,,,,,,,,,,,,,,,,,,,,,,,,,,,,,,,
NF00127,AutoCAD Linetype Definition File,lin,CAD/3D/Vector Graphics,High Risk,-14,6,0.00,-5,-3,,,-22,,,,,,,,,,,,,,,,,,,,,,,,,,,,,,,,,,,,,,,,,,
NF00128,AutoCAD Named Plot Style Table,stb,CAD/3D/Vector Graphics,High Risk,-14,1,0.00,-5,-3,,,-22,,,,,,,,,,,,,,,,,,,,,,,,,,,,,,,,,,,,,,,,,,
NF00129,AutoCAD R10,dwg,CAD/3D/Vector Graphics,Moderate Risk,-1,1,0.00,-5,-3,,,-9,,,,,,,,,,,,,,,,,,,,,,,,,,,,,,,,,,,,,,,,,,
NF00130,AutoCAD R11/12,dwg,CAD/3D/Vector Graphics,Moderate Risk,-1,29,0.00,-5,-3,,,-9,,,,,,,,,,,,,,,,,,,,,,,,,,,,,,,,,,,,,,,,,,
NF00131,AutoCAD R14,dwg,CAD/3D/Vector Graphics,Moderate Risk,-1,45,0.00,-5,-3,,,-9,,,,,,,,,,,,,,,,,,,,,,,,,,,,,,,,,,,,,,,,,,
NF00132,AutoCAD Script,scr,CAD/3D/Vector Graphics,High Risk,-17,103,0.00,-5,-3,,,-25,,,,,,,,,,,,,,,,,,,,,,,,,,,,,,,,,,,,,,,,,,
NF00133,Autodesk Revit Template,rte,CAD/3D/Vector Graphics,Moderate Risk,1,3232,0.00,-5,-3,,,-7,,,,,,,,,,,,,,,,,,,,,,,,,,,,,,,,,,,,,,,,,,
NF00134,Batch file executable,bat; cmd; btm,Software,Moderate Risk,1,8283,0.00,-5,5,,,1,,,,,,,,,,,,,,,,,,,,,,,,,,,,,,,,,,,,,,,,,,
NF00135,Binary file,bin,Software,High Risk,-21,6543,0.00,-5,5,,,-21,,,,,,,,,,,,,,,,,,,,,,,,,,,,,,,,,,,,,,,,,,
NF00136,Broadcast WAVE 1,wav,Digital Audio,Low Risk,47,6,0.00,-5,5,X,,47,,,,,,,,,,,,,,,,,,,,,,,,,,,,,,,,,,,,,,,,,,
NF00137,Btrieve Database 5.0/6.0/6.1,btr,Database,Moderate Risk,1,2,0.00,-5,,,,-4,,,,,,,,,,,,,,,,,,,,,,,,,,,,,,,,,,,,,,,,,,
NF00138,C# Code,cs,Software,Moderate Risk,22,68939,0.00,-5,5,,,22,,,,,,,,,,,,,,,,,,,,,,,,,,,,,,,,,,,,,,,,,,
NF00139,CALS Compressed Bitmap,cal,Digital Still Image,Moderate Risk,21,7257,0.00,-5,3,,,19,,,,,,,,,,,,,,,,,,,,,,,,,,,,,,,,,,,,,,,,,,
NF00140,Camera RAW file,cr2; crw; dcr; kdc; nrw; orf pef; raf; srf; x3f; raw,Digital Still Image,High Risk,-13,5546971,0.37,-5,3,,,-15,,,,,,,,,,,,,,,,,,,,,,,,,,,,,,,,,,,,,,,,,,
NF00141,Cascading Style Sheet,css,Web Content,Low Risk,31,915,0.00,-5,5,,,31,,,,,,,,,,,,,,,,,,,,,,,,,,,,,,,,,,,,,,,,,,
NF00142,Cold Fusion Markup,cfm; cfc,Software,Moderate Risk,13,4720,0.00,-5,5,,,13,,,,,,,,,,,,,,,,,,,,,,,,,,,,,,,,,,,,,,,,,,
NF00143,Comma Separated Value file,csv,Structured Data,Low Risk,38,426287,0.03,-5,5,,,38,,,,,,,,,,,,,,,,,,,,,,,,,,,,,,,,,,,,,,,,,,
NF00144,Common Data Format,cdf,Software,Low Risk,24,24,0.00,-5,-3,,,16,,,,,,,,,,,,,,,,,,,,,,,,,,,,,,,,,,,,,,,,,,
NF00145,Computer Graphics Metafile Binary 1,cgm,Multimedia,Moderate Risk,2,1,0.00,-5,-3,,,-6,,,,,,,,,,,,,,,,,,,,,,,,,,,,,,,,,,,,,,,,,,
NF00146,Configuration File,conf; cnf; cfg; cf; ini,Software,Moderate Risk,5,29635,0.00,-5,5,,,5,,,,,,,,,,,,,,,,,,,,,,,,,,,,,,,,,,,,,,,,,,
NF00147,CorelDraw 8/9,cdr ,CAD/3D/Vector Graphics,High Risk,-34,11,0.00,-5,-3,,,-42,,,,,,,,,,,,,,,,,,,,,,,,,,,,,,,,,,,,,,,,,,
NF00148,CorelDraw Compressed CMX,cmx ,CAD/3D/Vector Graphics,High Risk,-29,6160,0.00,-5,-3,,,-37,,,,,,,,,,,,,,,,,,,,,,,,,,,,,,,,,,,,,,,,,,
NF00149,CorelDraw Wavelet Compressed Bitmap,wi,Digital Still Image,High Risk,-29,1,0.00,-5,-3,,,-37,,,,,,,,,,,,,,,,,,,,,,,,,,,,,,,,,,,,,,,,,,
NF00150,Crystal Reports File,rpt,Presentation/Publishing,Moderate Risk,-1,26311,0.00,-5,-3,,,-9,,,,,,,,,,,,,,,,,,,,,,,,,,,,,,,,,,,,,,,,,,
NF00151,Data File,dat,Software,Moderate Risk,1,80158,0.01,-5,-3,,,-7,,,,,,,,,,,,,,,,,,,,,,,,,,,,,,,,,,,,,,,,,,
NF00152,Database File,db,Database,Moderate Risk,1,120483,0.01,-5,-3,,,-7,,,,,,,,,,,,,,,,,,,,,,,,,,,,,,,,,,,,,,,,,,
NF00153,dBASE Database III/ III+/IV/V,dbf; dbase; x-dbf; x-dbase,Database,Low Risk,23,100146,0.01,-5,3,,,21,,,,,,,,,,,,,,,,,,,,,,,,,,,,,,,,,,,,,,,,,,
NF00154,DBase Index File,ndx,Database,Low Risk,23,4035,0.00,-5,-3,,,15,,,,,,,,,,,,,,,,,,,,,,,,,,,,,,,,,,,,,,,,,,
NF00155,dBASE Text Memo,dbt,Database,Moderate Risk,-3,166,0.00,-5,-3,,,-11,,,,,,,,,,,,,,,,,,,,,,,,,,,,,,,,,,,,,,,,,,
NF00156,DEC WPS Plus Document,DX,Textual,Moderate risk,11,4,0.00,-5,-5,,,1,,,,,,,,,,,,,,,,,,,,,,,,,,,,,,,,,,,,,,,,,,
NF00157,DesignCAD Drawing,dcd dc; dc2; dc3; dw2; dw3 (https://wwwturbocadcom/designcad-3d-max-2016-free-trial),CAD/3D/Vector Graphics,High Risk,-34,616,0.00,-5,-3,,,-42,,,,,,,,,,,,,,,,,,,,,,,,,,,,,,,,,,,,,,,,,,
NF00158,Dictionary Exclude File,lex,Software,Moderate Risk,-1,21,0.00,-5,3,,,-3,,,,,,,,,,,,,,,,,,,,,,,,,,,,,,,,,,,,,,,,,,
NF00159,Dictionary File,dct; zdct,Software,Moderate Risk,-1,11424,0.00,-5,3,,,-3,,,,,,,,,,,,,,,,,,,,,,,,,,,,,,,,,,,,,,,,,,
NF00160,Digital Moving-Picture Exchange 1.0,dpx,Digital Cinema,Low Risk,31,16,0.00,-5,5,X,,31,,,,,,,,,,,,,,,,,,,,,,,,,,,,,,,,,,,,,,,,,,
NF00161,Digital Negative 1.0/1.2/1.3/1.4,dng,Digital Still Image,Low Risk,26,41245,0.00,-5,5,,X,26,,,,,,,,,,,,,,,,,,,,,,,,,,,,,,,,,,,,,,,,,,
NF00162,Document Type Definition,dtd,Web Content,Low Risk,44,2350,0.00,-5,5,,,44,,,,,,,,,,,,,,,,,,,,,,,,,,,,,,,,,,,,,,,,,,
NF00163,Drawing Interchange File Format 11/12,dxf,CAD/3D/Vector Graphics,Moderate Risk,6,12,0.00,-5,-3,,,-2,,,,,,,,,,,,,,,,,,,,,,,,,,,,,,,,,,,,,,,,,,
NF00164,Drawing Interchange File Format ASCII 2004/2005/2006,dxf ,CAD/3D/Vector Graphics,Moderate Risk,6,411,0.00,-5,-3,,,-2,,,,,,,,,,,,,,,,,,,,,,,,,,,,,,,,,,,,,,,,,,
NF00165,Drawing Interchange File Format ASCII Generic,dxf ,CAD/3D/Vector Graphics,Moderate Risk,6,428,0.00,-5,-3,,,-2,,,,,,,,,,,,,,,,,,,,,,,,,,,,,,,,,,,,,,,,,,
NF00166,DVD Data Backup File,bup,Software,Moderate Risk,-3,6679,0.00,-5,5,,,-3,,,,,,,,,,,,,,,,,,,,,,,,,,,,,,,,,,,,,,,,,,
NF00167,DVD Data File,dvd,Software,Moderate Risk,-3,12,0.00,-5,5,,,-3,,,,,,,,,,,,,,,,,,,,,,,,,,,,,,,,,,,,,,,,,,
NF00168,DVD File,ifo,Software,Moderate Risk,-3,8,0.00,-5,5,,,-3,,,,,,,,,,,,,,,,,,,,,,,,,,,,,,,,,,,,,,,,,,
NF00169,Dynamic Link Library,dll,Software,High Risk,-26,220776,0.01,-15,5,,,-36,,,,,,,,,,,,,,,,,,,,,,,,,,,,,,,,,,,,,,,,,,
NF00170,Electronic Mail Format,eml,Email,Low Risk,30,777254243,51.82,-5,5,X,,30,,,,,,,,,,,,,,,,,,,,,,,,,,,,,,,,,,,,,,,,,,
NF00171,Encapsulated PostScript 1-3,eps,Presentation/Publishing,Moderate Risk,20,792941,0.05,-5,2,,,17,,,,,,,,,,,,,,,,,,,,,,,,,,,,,,,,,,,,,,,,,,
NF00172,EndNote Import File,enw,Textual,Low Risk,25,51,0.00,-5,3,,,23,,,,,,,,,,,,,,,,,,,,,,,,,,,,,,,,,,,,,,,,,,
NF00173,ESRI ESRI ARC/INFO Interchange File Format ,eoo,Geospatial,Moderate Risk,5,433,0.00,-5,5,,X,5,,,,,,,,,,,,,,,,,,,,,,,,,,,,,,,,,,,,,,,,,,
NF00174,ESRI Shapefile Compound File,shp; apr; prj; sbn; sbx; fbn; fbx,Geospatial,Moderate Risk,5,173230,0.01,-5,3,,X,3,,,,,,,,,,,,,,,,,,,,,,,,,,,,,,,,,,,,,,,,,,
NF00175,ESRI World File,wld; blw; bpw; bqw; gfw; tfw,Geospatial,Moderate Risk,5,8,0.00,-5,3,,X,3,,,,,,,,,,,,,,,,,,,,,,,,,,,,,,,,,,,,,,,,,,
NF00176,Exchangeable Image File Format Audio 2.2,exif,Digital Still Image,Low Risk,40,32,0.00,-5,5,,,40,,,,,,,,,,,,,,,,,,,,,,,,,,,,,,,,,,,,,,,,,,
NF00177,Exchangeable Image File Format Compressed 2.0,exif,Digital Still Image,Low Risk,38,0,0.00,-5,5,,,38,,,,,,,,,,,,,,,,,,,,,,,,,,,,,,,,,,,,,,,,,,
NF00178,Exchangeable Image File Format Compressed 2.1,exif,Digital Still Image,Low Risk,38,0,0.00,-5,5,,,38,,,,,,,,,,,,,,,,,,,,,,,,,,,,,,,,,,,,,,,,,,
NF00179,Exchangeable Image File Format Compressed 2.2,exif,Digital Still Image,Low Risk,38,0,0.00,-5,5,,,38,,,,,,,,,,,,,,,,,,,,,,,,,,,,,,,,,,,,,,,,,,
NF00180,Exchangeable Image File Format Uncompressed 2.1,exif,Digital Still Image,Low Risk,38,0,0.00,-5,5,,,38,,,,,,,,,,,,,,,,,,,,,,,,,,,,,,,,,,,,,,,,,,
NF00181,Exchangeable Image File Format Uncompressed 2.2,exif,Digital Still Image,Low Risk,38,0,0.00,-5,5,,,38,,,,,,,,,,,,,,,,,,,,,,,,,,,,,,,,,,,,,,,,,,
NF00182,Executable file,exe,Software,High Risk,-31,54379,0.00,-5,5,,,-31,,,,,,,,,,,,,,,,,,,,,,,,,,,,,,,,,,,,,,,,,,
NF00183,Extended Binary Coded Decimal Interchange Code,ebcdic,Structured Data,Moderate Risk,12,18858,0.00,-5,5,,X,12,,,,,,,,,,,,,,,,,,,,,,,,,,,,,,,,,,,,,,,,,,
NF00184,Extensible 3D,x3d; x3dv; x3db; x3dz; x3dbz; x3dvz,CAD/3D/Vector Graphics,Low Risk,37,38,0.00,-5,5,X,,37,,,,,,,,,,,,,,,,,,,,,,,,,,,,,,,,,,,,,,,,,,
NF00185,eXTensible HYpertext Markup Language 1.0,xhtml,Web Content,Low Risk,33,2769,0.00,-5,5,,,33,,,,,,,,,,,,,,,,,,,,,,,,,,,,,,,,,,,,,,,,,,
NF00186,eXTensible HYpertext Markup Language 1.1,xhtml,Web Content,Low Risk,35,98,0.00,-5,5,,,35,,,,,,,,,,,,,,,,,,,,,,,,,,,,,,,,,,,,,,,,,,
NF00187,EXtensible Markup Language,xml,Structured Data,Low Risk,45,29790667,1.99,-5,5,X,,45,,,,,,,,,,,,,,,,,,,,,,,,,,,,,,,,,,,,,,,,,,
NF00188,eXtensible Markup Language Schema,xsd,Web Content,Low Risk,44,7888,0.00,-5,5,,,44,,,,,,,,,,,,,,,,,,,,,,,,,,,,,,,,,,,,,,,,,,
NF00189,eXtensible Metadata Platform,xmp,Structured Data,Low Risk,37,16735,0.00,-5,5,,,37,,,,,,,,,,,,,,,,,,,,,,,,,,,,,,,,,,,,,,,,,,
NF00190,EXtensible Style Language,xsl; xslt,Software,Low Risk,45,4583,0.00,-5,5,X,,45,,,,,,,,,,,,,,,,,,,,,,,,,,,,,,,,,,,,,,,,,,
NF00191,FAX file,fax,Digital Still Image,Moderate Risk,-7,50,0.00,-5,-3,,,-15,,,,,,,,,,,,,,,,,,,,,,,,,,,,,,,,,,,,,,,,,,
NF00192,FileMaker Pro Database 7+,fp7,Database,Moderate Risk,2,1,0.00,-5,3,,,0,,,,,,,,,,,,,,,,,,,,,,,,,,,,,,,,,,,,,,,,,,
NF00193,Flash Video,flv; f4v,Digital Video,Moderate Risk,10,35,0.00,-5,3,,,8,,,,,,,,,,,,,,,,,,,,,,,,,,,,,,,,,,,,,,,,,,
NF00194,FoxPro 2.0/2.5/2.6,dbf,Database,Moderate Risk,-10,1038,0.00,-5,3,,,-12,,,,,,,,,,,,,,,,,,,,,,,,,,,,,,,,,,,,,,,,,,
NF00196,Fractal Image Format,fif,Digital Still Image,High Risk,-23,3,0.00,-5,-3,,,-31,,,,,,,,,,,,,,,,,,,,,,,,,,,,,,,,,,,,,,,,,,
NF00197,Framework II,fw2,Database,Moderate Risk,-10,2,0.00,-5,3,,,-12,,,,,,,,,,,,,,,,,,,,,,,,,,,,,,,,,,,,,,,,,,
NF00198,Free Lossless Audio Compression,flac,Digital Audio,Low Risk,31,31,0.00,-5,5,X,,31,,,,,,,,,,,,,,,,,,,,,,,,,,,,,,,,,,,,,,,,,,
NF00199,Library Linker File,lib,Software,Moderate Risk,-2,2198,0.00,-5,5,,,-2,,,,,,,,,,,,,,,,,,,,,,,,,,,,,,,,,,,,,,,,,,
NF00200,Geographic Markup Language,gml,Geospatial,Low Risk,44,694,0.00,-5,5,X,,44,,,,,,,,,,,,,,,,,,,,,,,,,,,,,,,,,,,,,,,,,,
NF00201,Geospatial Tagged Image File Format,gtiff; tif; tiff,Geospatial,Low Risk,29,2,0.00,-5,5,X,,29,,,,,,,,,,,,,,,,,,,,,,,,,,,,,,,,,,,,,,,,,,
NF00202,Graphics Interchange Format 87a,gif,Digital Still Image,Moderate Risk,14,5235,0.00,-5,5,,X,14,,,,,,,,,,,,,,,,,,,,,,,,,,,,,,,,,,,,,,,,,,
NF00203,Graphics Interchange Format 89a,gif,Digital Still Image,Low Risk,26,1744946,0.12,-5,5,,X,26,,,,,,,,,,,,,,,,,,,,,,,,,,,,,,,,,,,,,,,,,,
NF00204,GZIP Archive,gz; tgz,Software,Moderate Risk,20,110020,0.01,-5,5,,,20,,,,,,,,,,,,,,,,,,,,,,,,,,,,,,,,,,,,,,,,,,
NF00205,Harvard Graphics Presentation 2.0,prs shw sh3 pr4,Presentation/Publishing,Moderate Risk,-5,966,0.00,-5,-3,,,-13,,,,,,,,,,,,,,,,,,,,,,,,,,,,,,,,,,,,,,,,,,
NF00206,Harvard Graphics Vector Graphics Chart 2.0,cht ch3,Presentation/Publishing,Moderate Risk,-6,698,0.00,-5,-3,,,-14,,,,,,,,,,,,,,,,,,,,,,,,,,,,,,,,,,,,,,,,,,
NF00207,Hewlett Packard Vector Graphic Plotter File,hpgl,Presentation/Publishing,Moderate Risk,11,60,0.00,-6,-5,,,0,,,,,,,,,,,,,,,,,,,,,,,,,,,,,,,,,,,,,,,,,,
NF00208,Hypertext Markup Language,htm; html; xhtml,Web Content,Low Risk,42,66726856,4.45,-5,5,X,,42,,,,,,,,,,,,,,,,,,,,,,,,,,,,,,,,,,,,,,,,,,
NF00209,iCalendar,ics,Database,Low Risk,28,8348,0.00,-5,-3,,,20,,,,,,,,,,,,,,,,,,,,,,,,,,,,,,,,,,,,,,,,,,
NF00210,Icon file format,ico,Digital Still Image,Moderate Risk,-12,13,0.00,-5,-3,,,-20,,,,,,,,,,,,,,,,,,,,,,,,,,,,,,,,,,,,,,,,,,
NF00211,Information/Setup File,info,Software,Low Risk,32,74873,0.00,-5,5,,,32,,,,,,,,,,,,,,,,,,,,,,,,,,,,,,,,,,,,,,,,,,
NF00212,Initial Graphics Exchange Specification,igs; iges,CAD/3D/Vector Graphics,Moderate Risk,-5,1,0.00,-5,-5,,,-15,,,,,,,,,,,,,,,,,,,,,,,,,,,,,,,,,,,,,,,,,,
NF00213,Interleaf Document,ildoc,Textual,High Risk,-14,13627,0.00,-5,-5,,,-24,,,,,,,,,,,,,,,,,,,,,,,,,,,,,,,,,,,,,,,,,,
NF00214,Internet Message Format,n/a,Email,Low Risk,44,0,0.00,-5,5,,,44,,,,,,,,,,,,,,,,,,,,,,,,,,,,,,,,,,,,,,,,,,
NF00215,Java Archive File,jar,Software,Low Risk,28,6488,0.00,-5,5,,,28,,,,,,,,,,,,,,,,,,,,,,,,,,,,,,,,,,,,,,,,,,
NF00216,Java Object Code,java,Software,Low Risk,31,6682,0.00,-5,5,,,31,,,,,,,,,,,,,,,,,,,,,,,,,,,,,,,,,,,,,,,,,,
NF00217,JavaScript,js,Software,Moderate Risk,17,1501,0.00,-5,5,,,17,,,,,,,,,,,,,,,,,,,,,,,,,,,,,,,,,,,,,,,,,,
NF00218,JavaScript Object Notation ,json,Structured Data,Low Risk,49,14882,0.00,-5,5,X,,49,,,,,,,,,,,,,,,,,,,,,,,,,,,,,,,,,,,,,,,,,,
NF00219,JPEG 2000 File Format,jp2; jpeg2000; jpeg2000-image; x-jpeg2000-image,Digital Still Image,Low Risk,26,194,0.00,-15,5,X,,16,,,,,,,,,,,,,,,,,,,,,,,,,,,,,,,,,,,,,,,,,,
NF00220,JPEG File Interchange Format,jpg; jpeg; jpe; jfi; jfif; j; jif; jmh; jlx; x-jpg,Digital Still Image,Low Risk,34,365645815,24.38,-5,5,X,,34,,,,,,,,,,,,,,,,,,,,,,,,,,,,,,,,,,,,,,,,,,
NF00221,JTIP JPEG Tiled Image Pyramid,jtip,Digital Still Image,Moderate Risk,5,22732,0.00,-5,5,,,5,,,,,,,,,,,,,,,,,,,,,,,,,,,,,,,,,,,,,,,,,,
NF00222,Keyhole Markup Language,kml,Geospatial,Low Risk,44,2534,0.00,-5,5,X,,44,,,,,,,,,,,,,,,,,,,,,,,,,,,,,,,,,,,,,,,,,,
NF00223,Keynote Presentation,KEY,Presentation/Publishing,High Risk,-14,4803,0.00,-5,-3,,,-22,,,,,,,,,,,,,,,,,,,,,,,,,,,,,,,,,,,,,,,,,,
NF00224,Kodak PhotoCD 1.0,pcd,Digital Still Image,Moderate Risk,-12,104,0.00,-5,-3,,,-20,,,,,,,,,,,,,,,,,,,,,,,,,,,,,,,,,,,,,,,,,,
NF00225,LaTeX Master document,tex,Presentation/Publishing,Moderate Risk,19,3772,0.00,-5,-3,,,11,,,,,,,,,,,,,,,,,,,,,,,,,,,,,,,,,,,,,,,,,,
NF00226,Lock File,lck; lock,Software,Moderate Risk,1,1984,0.00,-5,5,,,1,,,,,,,,,,,,,,,,,,,,,,,,,,,,,,,,,,,,,,,,,,
NF00227,Log File,log,Software,Low Risk,32,49483,0.00,-5,5,,,32,,,,,,,,,,,,,,,,,,,,,,,,,,,,,,,,,,,,,,,,,,
NF00228,Lotus 1-2-3 1.0/1A,wks; 123,Spreadsheet,Moderate Risk,-3,134,0.00,-5,3,,,-5,,,,,,,,,,,,,,,,,,,,,,,,,,,,,,,,,,,,,,,,,,
NF00229,Lotus 1-2-3 2.0,wk1; wk2,Spreadsheet,Moderate Risk,-6,5565,0.00,-5,3,,,-8,,,,,,,,,,,,,,,,,,,,,,,,,,,,,,,,,,,,,,,,,,
NF00230,Lotus 1-2-3 3.0,wk3,Spreadsheet,Moderate Risk,-6,20626,0.00,-5,3,,,-8,,,,,,,,,,,,,,,,,,,,,,,,,,,,,,,,,,,,,,,,,,
NF00231,Lotus 1-2-3 4.0,wk4,Spreadsheet,Moderate Risk,-6,37,0.00,-5,3,,,-8,,,,,,,,,,,,,,,,,,,,,,,,,,,,,,,,,,,,,,,,,,
NF00232,Lotus 1-2-3 5.0,wk5,Spreadsheet,Moderate Risk,-6,36,0.00,-5,3,,,-8,,,,,,,,,,,,,,,,,,,,,,,,,,,,,,,,,,,,,,,,,,
NF00233,Lotus 1-2-3 Chart,wk5,CAD/3D/Vector Graphics,Moderate Risk,-6,0,0.00,-5,-3,,,-14,,,,,,,,,,,,,,,,,,,,,,,,,,,,,,,,,,,,,,,,,,
NF00234,Lotus Approach 97,apr,Database,Moderate Risk,6,1,0.00,-5,-3,,,-2,,,,,,,,,,,,,,,,,,,,,,,,,,,,,,,,,,,,,,,,,,
NF00235,Lotus Freelance 1-2.1,pre,Presentation/Publishing,Moderate Risk,-8,1,0.00,-5,-3,,,-16,,,,,,,,,,,,,,,,,,,,,,,,,,,,,,,,,,,,,,,,,,
NF00236,Lotus Freelance Smartmaster Graphics,mas,Presentation/Publishing,Moderate Risk,-8,1636,0.00,-5,-3,,,-16,,,,,,,,,,,,,,,,,,,,,,,,,,,,,,,,,,,,,,,,,,
NF00237,Lotus Notes Database 2,nsf,Database,Moderate Risk,8,27,0.00,-5,3,,,6,,,,,,,,,,,,,,,,,,,,,,,,,,,,,,,,,,,,,,,,,,
NF00238,Lotus Notes Database 3,nsf,Database,Moderate Risk,8,27,0.00,-5,3,,,6,,,,,,,,,,,,,,,,,,,,,,,,,,,,,,,,,,,,,,,,,,
NF00239,Lotus Notes Database 4,nsf,Database,Moderate Risk,8,27,0.00,-5,3,,,6,,,,,,,,,,,,,,,,,,,,,,,,,,,,,,,,,,,,,,,,,,
NF00240,MacPaint Graphics,pntg; mac,Digital Still Image,High Risk,-34,20,0.00,-5,-3,,,-42,,,,,,,,,,,,,,,,,,,,,,,,,,,,,,,,,,,,,,,,,,
NF00241,MacPaint Image,pntg; mac; pic,Digital Still Image,High Risk,-34,112758,0.01,-5,-3,,,-42,,,,,,,,,,,,,,,,,,,,,,,,,,,,,,,,,,,,,,,,,,
NF00242,Macromedia Flash 6,swf,Software,Moderate Risk,9,1,0.00,-5,5,,,9,,,,,,,,,,,,,,,,,,,,,,,,,,,,,,,,,,,,,,,,,,
NF00243,Macromedia Flash 7,swf,Software,Moderate Risk,13,2,0.00,-5,5,,,13,,,,,,,,,,,,,,,,,,,,,,,,,,,,,,,,,,,,,,,,,,
NF00244,Maker Interchange Format,mif,CAD/3D/Vector Graphics,Moderate Risk,10,203,0.00,-5,-3,,,2,,,,,,,,,,,,,,,,,,,,,,,,,,,,,,,,,,,,,,,,,,
NF00245,Material Exchange Format ,mxf,Digital Video,Low Risk,30,27142,0.00,-5,5,,X,30,,,,,,,,,,,,,,,,,,,,,,,,,,,,,,,,,,,,,,,,,,
NF00246,Mathematica Notebook,nb,Multimedia,Moderate Risk,-8,3,0.00,-5,-3,,,-16,,,,,,,,,,,,,,,,,,,,,,,,,,,,,,,,,,,,,,,,,,
NF00247,MBOX Email Format,mbox,Email,Low Risk,34,110,0.00,-5,5,X,,34,,,,,,,,,,,,,,,,,,,,,,,,,,,,,,,,,,,,,,,,,,
NF00248,MET Metafile,met,Digital Still Image,,0,3234,0.00,-5,-3,,,-8,,,,,,,,,,,,,,,,,,,,,,,,,,,,,,,,,,,,,,,,,,
NF00249,Micrografx Designer 3.1,drw,CAD/3D/Vector Graphics,High Risk,-22,2,0.00,-5,-3,,,-30,,,,,,,,,,,,,,,,,,,,,,,,,,,,,,,,,,,,,,,,,,
NF00250,Micrografx Draw 2.0,drw ,CAD/3D/Vector Graphics,High Risk,-22,2,0.00,-5,-3,,,-30,,,,,,,,,,,,,,,,,,,,,,,,,,,,,,,,,,,,,,,,,,
NF00251,Micrografx Draw 3.0,drw,CAD/3D/Vector Graphics,High Risk,-22,2,0.00,-5,-3,,,-30,,,,,,,,,,,,,,,,,,,,,,,,,,,,,,,,,,,,,,,,,,
NF00252,Micrografx Draw 4.0,dsf; ds4,CAD/3D/Vector Graphics,High Risk,-22,12404,0.00,-5,-3,,,-30,,,,,,,,,,,,,,,,,,,,,,,,,,,,,,,,,,,,,,,,,,
NF00253,Microsoft Access 2000,mdb,Database,Moderate Risk,4,12,0.00,-5,3,,,2,,,,,,,,,,,,,,,,,,,,,,,,,,,,,,,,,,,,,,,,,,
NF00254,Microsoft Access 2007/2010/2013/2016,mdb,Database,Moderate Risk,10,14248,0.00,-5,3,,,8,,,,,,,,,,,,,,,,,,,,,,,,,,,,,,,,,,,,,,,,,,
NF00255,Microsoft Access 97,accdb; accde; accdr; accdt; accfl,Database,Moderate Risk,4,13,0.00,-5,3,,,2,,,,,,,,,,,,,,,,,,,,,,,,,,,,,,,,,,,,,,,,,,
NF00256,Microsoft Access 2002/2003/2007,mdb,Database,Moderate Risk,6,2,0.00,-5,3,,,4,,,,,,,,,,,,,,,,,,,,,,,,,,,,,,,,,,,,,,,,,,
NF00257,Microsoft Active Server Page,asp,Software,Moderate Risk,-11,51549,0.00,-5,5,,,-11,,,,,,,,,,,,,,,,,,,,,,,,,,,,,,,,,,,,,,,,,,
NF00258,Microsoft Enhanced Metafile Graphics file,emf; wmf; emx; wmz,CAD/3D/Vector Graphics,Moderate Risk,2,861,0.00,-5,-3,,,-6,,,,,,,,,,,,,,,,,,,,,,,,,,,,,,,,,,,,,,,,,,
NF00259,Microsoft Excel 2.1,xls,Spreadsheet,Moderate Risk,3,2,0.00,-5,3,,X,1,,,,,,,,,,,,,,,,,,,,,,,,,,,,,,,,,,,,,,,,,,
NF00260,Microsoft Excel 2000-2003,xls,Spreadsheet,Low Risk,23,2677179,0.18,-5,3,,,21,,,,,,,,,,,,,,,,,,,,,,,,,,,,,,,,,,,,,,,,,,
NF00261,Microsoft Excel 3.0,xls,Spreadsheet,Moderate Risk,3,26,0.00,-5,3,,,1,,,,,,,,,,,,,,,,,,,,,,,,,,,,,,,,,,,,,,,,,,
NF00262,Microsoft Excel 4.0,xls,Spreadsheet,Moderate Risk,8,21,0.00,-5,3,,,6,,,,,,,,,,,,,,,,,,,,,,,,,,,,,,,,,,,,,,,,,,
NF00263,Microsoft Excel 97,xls; xlt; xlm,Spreadsheet,Moderate Risk,17,143,0.00,-5,5,,X,17,,,,,,,,,,,,,,,,,,,,,,,,,,,,,,,,,,,,,,,,,,
NF00264,Microsoft Excel Backup,xlk,Spreadsheet,Moderate Risk,-4,1483,0.00,-5,3,,,-6,,,,,,,,,,,,,,,,,,,,,,,,,,,,,,,,,,,,,,,,,,
NF00265,Microsoft Excel for Macintosh 2001,xls,Spreadsheet,Moderate Risk,1,924,0.00,-5,3,,,-1,,,,,,,,,,,,,,,,,,,,,,,,,,,,,,,,,,,,,,,,,,
NF00266,Microsoft Excel for Macintosh 2002,xls,Spreadsheet,Moderate Risk,1,924,0.00,-5,3,,,-1,,,,,,,,,,,,,,,,,,,,,,,,,,,,,,,,,,,,,,,,,,
NF00267,Microsoft Excel for Macintosh 2004,xls,Spreadsheet,Moderate Risk,1,924,0.00,-5,3,,,-1,,,,,,,,,,,,,,,,,,,,,,,,,,,,,,,,,,,,,,,,,,
NF00268,Microsoft Excel for Macintosh 3.0,xls,Spreadsheet,Moderate Risk,-4,924,0.00,-5,3,,,-6,,,,,,,,,,,,,,,,,,,,,,,,,,,,,,,,,,,,,,,,,,
NF00269,Microsoft Excel for Macintosh 4.0,xls,Spreadsheet,Moderate Risk,1,924,0.00,-5,3,,,-1,,,,,,,,,,,,,,,,,,,,,,,,,,,,,,,,,,,,,,,,,,
NF00270,Microsoft Excel for Macintosh 98,xls,Spreadsheet,Moderate Risk,1,924,0.00,-5,3,,,-1,,,,,,,,,,,,,,,,,,,,,,,,,,,,,,,,,,,,,,,,,,
NF00271,Microsoft Excel for Macintosh v.X,xls,Spreadsheet,Moderate Risk,1,924,0.00,-5,3,,,-1,,,,,,,,,,,,,,,,,,,,,,,,,,,,,,,,,,,,,,,,,,
NF00272,Microsoft Excel Office Open XML,xlxs; xlsm,Spreadsheet,Low Risk,29,887126,0.06,-5,5,,X,29,,,,,,,,,,,,,,,,,,,,,,,,,,,,,,,,,,,,,,,,,,
NF00273,Microsoft Excel Workspace,xlw,Spreadsheet,Moderate Risk,-2,3,0.00,-5,3,,,-4,,,,,,,,,,,,,,,,,,,,,,,,,,,,,,,,,,,,,,,,,,
NF00275,FoxPro Memo,fpt,Database,Moderate Risk,-9,4061,0.00,-5,-3,,,-17,,,,,,,,,,,,,,,,,,,,,,,,,,,,,,,,,,,,,,,,,,
NF00276,Microsoft FrontPage Binary Tree Index,btr,Software,Moderate Risk,-2,2,0.00,-5,-3,,,-10,,,,,,,,,,,,,,,,,,,,,,,,,,,,,,,,,,,,,,,,,,
NF00277,Microsoft FrontPage Server Extension Configuration,frontpageini; frontpagecnf,Software,Moderate Risk,7,12192,0.00,-5,3,,,5,,,,,,,,,,,,,,,,,,,,,,,,,,,,,,,,,,,,,,,,,,
NF00278,Microsoft Multiplan 4.0,mp,Spreadsheet,Moderate Risk,-3,17,0.00,-5,-3,,,-11,,,,,,,,,,,,,,,,,,,,,,,,,,,,,,,,,,,,,,,,,,
NF00279,Microsoft Office 2007 Open XML,,Presentation/Publishing,Low Risk,28,4353,0.00,-5,5,,X,28,,,,,,,,,,,,,,,,,,,,,,,,,,,,,,,,,,,,,,,,,,
NF00280,Microsoft Outlook Email Item ,msg,Email,Low Risk,33,1522,0.00,-5,3,,X,31,,,,,,,,,,,,,,,,,,,,,,,,,,,,,,,,,,,,,,,,,,
NF00281,Microsoft Outlook Personal Folder,pst,Email,Moderate Risk,13,101909,0.01,-5,5,,X,13,,,,,,,,,,,,,,,,,,,,,,,,,,,,,,,,,,,,,,,,,,
NF00282,Microsoft Outlook Personal Folder ANSI 1997-2002,pst,Email,Moderate Risk,13,46,0.00,-5,5,,X,13,,,,,,,,,,,,,,,,,,,,,,,,,,,,,,,,,,,,,,,,,,
NF00283,Microsoft Outlook Personal Folder Unicode 2003-2007,pst,Email,Moderate Risk,13,30,0.00,-5,5,,X,13,,,,,,,,,,,,,,,,,,,,,,,,,,,,,,,,,,,,,,,,,,
NF00284,Microsoft PowerPoint 97-2002,ppt,Presentation/Publishing,Moderate Risk,17,4271,0.00,-5,5,,X,17,,,,,,,,,,,,,,,,,,,,,,,,,,,,,,,,,,,,,,,,,,
NF00285,Microsoft PowerPoint for Macintosh 2001,ppt,Presentation/Publishing,Moderate Risk,-5,231414,0.02,-5,3,,,-7,,,,,,,,,,,,,,,,,,,,,,,,,,,,,,,,,,,,,,,,,,
NF00286,Microsoft PowerPoint for Macintosh 4.0,ppt,Presentation/Publishing,Moderate Risk,-5,65,0.00,-5,3,,,-7,,,,,,,,,,,,,,,,,,,,,,,,,,,,,,,,,,,,,,,,,,
NF00287,Microsoft PowerPoint for Macintosh 98,ppt,Presentation/Publishing,Moderate Risk,-5,65,0.00,-5,3,,,-7,,,,,,,,,,,,,,,,,,,,,,,,,,,,,,,,,,,,,,,,,,
NF00288,Microsoft PowerPoint for Macintosh v.X,ppt,Presentation/Publishing,Moderate Risk,-5,65,0.00,-5,3,,,-7,,,,,,,,,,,,,,,,,,,,,,,,,,,,,,,,,,,,,,,,,,
NF00289,Microsoft Powerpoint Office Open XML,pptx; pptm; potx; potm; ppam; ppsx; ppsm; sldx; sldm; thmx,Presentation/Publishing,Low Risk,29,207181,0.01,-5,5,,X,29,,,,,,,,,,,,,,,,,,,,,,,,,,,,,,,,,,,,,,,,,,
NF00290,Microsoft Powerpoint Presentation 4.0,ppt,Presentation/Publishing,Moderate Risk,2,88,0.00,-5,3,,,0,,,,,,,,,,,,,,,,,,,,,,,,,,,,,,,,,,,,,,,,,,
NF00291,Microsoft Powerpoint Presentation 95,ppt,Presentation/Publishing,Moderate Risk,2,241,0.00,-5,3,,,0,,,,,,,,,,,,,,,,,,,,,,,,,,,,,,,,,,,,,,,,,,
NF00292,Microsoft Print File,xps,Presentation/Publishing,Low Risk,26,928,0.00,-5,5,,,26,,,,,,,,,,,,,,,,,,,,,,,,,,,,,,,,,,,,,,,,,,
NF00293,Microsoft Publisher 2.0,pub,Presentation/Publishing,Moderate Risk,-3,28,0.00,-5,-3,,,-11,,,,,,,,,,,,,,,,,,,,,,,,,,,,,,,,,,,,,,,,,,
NF00294,Microsoft Publisher 2000,pub,Presentation/Publishing,Moderate Risk,2,28,0.00,-5,-3,,,-6,,,,,,,,,,,,,,,,,,,,,,,,,,,,,,,,,,,,,,,,,,
NF00295,Microsoft Publisher 2002,pub,Presentation/Publishing,Moderate Risk,5,28,0.00,-5,-3,,,-3,,,,,,,,,,,,,,,,,,,,,,,,,,,,,,,,,,,,,,,,,,
NF00296,Microsoft Publisher 95,pub,Presentation/Publishing,Moderate Risk,-2,28,0.00,-5,-3,,,-10,,,,,,,,,,,,,,,,,,,,,,,,,,,,,,,,,,,,,,,,,,
NF00297,Microsoft Publisher 97,pub,Presentation/Publishing,Moderate Risk,-2,28,0.00,-5,-3,,,-10,,,,,,,,,,,,,,,,,,,,,,,,,,,,,,,,,,,,,,,,,,
NF00298,Microsoft Publisher 98,pub,Presentation/Publishing,Moderate Risk,2,28,0.00,-5,-3,,,-6,,,,,,,,,,,,,,,,,,,,,,,,,,,,,,,,,,,,,,,,,,
NF00299,Microsoft Visio Diagram,vsd,CAD/3D/Vector Graphics,Moderate Risk,9,23078,0.00,-5,3,,,7,,,,,,,,,,,,,,,,,,,,,,,,,,,,,,,,,,,,,,,,,,
NF00300,Microsoft Visio XML Drawing file,vsdx,CAD/3D/Vector Graphics,Low Risk,37,243,0.00,-5,3,,,35,,,,,,,,,,,,,,,,,,,,,,,,,,,,,,,,,,,,,,,,,,
NF00301,Microsoft Windows Internet Shortcut,url,Software,Moderate Risk,4,4,0.00,-5,5,,,4,,,,,,,,,,,,,,,,,,,,,,,,,,,,,,,,,,,,,,,,,,
NF00302,Microsoft Word 6/95,doc; dot,Textual,Moderate Risk,14,959,0.00,-5,5,,X,14,,,,,,,,,,,,,,,,,,,,,,,,,,,,,,,,,,,,,,,,,,
NF00303,Microsoft Word 97-2003,doc; dot,Textual,Moderate Risk,14,29872,0.00,-5,5,,X,14,,,,,,,,,,,,,,,,,,,,,,,,,,,,,,,,,,,,,,,,,,
NF00304,Microsoft Word Backup File,wbk,Textual,Moderate Risk,9,16425,0.00,-5,3,,,7,,,,,,,,,,,,,,,,,,,,,,,,,,,,,,,,,,,,,,,,,,
NF00305,Microsoft Word for Macintosh 5.0/5.2,doc,Textual,Moderate risk,2,7,0.00,-5,3,,,0,,,,,,,,,,,,,,,,,,,,,,,,,,,,,,,,,,,,,,,,,,
NF00306,Microsoft Word for Macintosh 6.0,doc,Textual,Moderate Risk,8,13627,0.00,-5,3,,,6,,,,,,,,,,,,,,,,,,,,,,,,,,,,,,,,,,,,,,,,,,
NF00307,Microsoft Word for Macintosh X,doc,Textual,Moderate Risk,7,13627,0.00,-5,3,,,5,,,,,,,,,,,,,,,,,,,,,,,,,,,,,,,,,,,,,,,,,,
NF00308,Microsoft Word for MS-DOS 3,doc,Textual,Moderate Risk,9,13627,0.00,-5,5,,,9,,,,,,,,,,,,,,,,,,,,,,,,,,,,,,,,,,,,,,,,,,
NF00309,Microsoft Word for MS-DOS 4/5/5.5,doc,Textual,Moderate Risk,7,33693,0.00,-5,5,,,7,,,,,,,,,,,,,,,,,,,,,,,,,,,,,,,,,,,,,,,,,,
NF00310,Microsoft Word for Windows 2.0,doc,Textual,Moderate risk,-3,28,0.00,-5,3,,,-5,,,,,,,,,,,,,,,,,,,,,,,,,,,,,,,,,,,,,,,,,,
NF00311,Microsoft Word for Windows 2007,doc; docx,Textual,Low Risk,20,2,0.00,-5,3,,,18,,,,,,,,,,,,,,,,,,,,,,,,,,,,,,,,,,,,,,,,,,
NF00312,Microsoft Word for Windows Macro,docm,Textual,Moderate risk,14,24,0.00,-5,3,,,12,,,,,,,,,,,,,,,,,,,,,,,,,,,,,,,,,,,,,,,,,,
NF00313,Microsoft Word Office,doc,Textual,Moderate Risk,11,6166056,0.41,-5,3,,,9,,,,,,,,,,,,,,,,,,,,,,,,,,,,,,,,,,,,,,,,,,
NF00314,Microsoft Word Office Open XML,docx; docm; dotx; dotm,Textual,Low Risk,29,3892061,0.26,-5,5,,X,29,,,,,,,,,,,,,,,,,,,,,,,,,,,,,,,,,,,,,,,,,,
NF00315,Microsoft Works for DOS 1.05 Database,wdb,Database,Moderate Risk,-12,3,0.00,-5,-3,,,-20,,,,,,,,,,,,,,,,,,,,,,,,,,,,,,,,,,,,,,,,,,
NF00316,Microsoft Works for DOS 1.12 Database,wdb,Database,Moderate Risk,-12,3,0.00,-5,-3,,,-20,,,,,,,,,,,,,,,,,,,,,,,,,,,,,,,,,,,,,,,,,,
NF00317,Microsoft Works for DOS 2.0 Database,wdb,Database,Moderate Risk,-12,3,0.00,-5,-3,,,-20,,,,,,,,,,,,,,,,,,,,,,,,,,,,,,,,,,,,,,,,,,
NF00318,Microsoft Works for DOS 3 Database,wdb,Database,Moderate Risk,-12,3,0.00,-5,-3,,,-20,,,,,,,,,,,,,,,,,,,,,,,,,,,,,,,,,,,,,,,,,,
NF00319,Microsoft Works for DOS 3a Database,wdb,Database,Moderate Risk,-12,3,0.00,-5,-3,,,-20,,,,,,,,,,,,,,,,,,,,,,,,,,,,,,,,,,,,,,,,,,
NF00320,Microsoft Works for DOS 3b Database,wdb,Database,Moderate Risk,-12,3,0.00,-5,-3,,,-20,,,,,,,,,,,,,,,,,,,,,,,,,,,,,,,,,,,,,,,,,,
NF00321,Microsoft Works for Macintosh 3 Database,wdb,Database,Moderate Risk,-12,3,0.00,-5,-3,,,-20,,,,,,,,,,,,,,,,,,,,,,,,,,,,,,,,,,,,,,,,,,
NF00322,Microsoft Works for Macintosh 4 Database,wdb,Database,Moderate Risk,-12,3,0.00,-5,-3,,,-20,,,,,,,,,,,,,,,,,,,,,,,,,,,,,,,,,,,,,,,,,,
NF00323,Microsoft Works for Windows 2.0 Database,wdb,Database,Moderate Risk,-12,3,0.00,-5,-3,,,-20,,,,,,,,,,,,,,,,,,,,,,,,,,,,,,,,,,,,,,,,,,
NF00324,Microsoft Works for Windows 2.0a Database,wdb,Database,Moderate Risk,-12,3,0.00,-5,-3,,,-20,,,,,,,,,,,,,,,,,,,,,,,,,,,,,,,,,,,,,,,,,,
NF00325,Microsoft Works for Windows 2000 Database,wdb,Database,Moderate Risk,-12,3,0.00,-5,-3,,,-20,,,,,,,,,,,,,,,,,,,,,,,,,,,,,,,,,,,,,,,,,,
NF00326,Microsoft Works for Windows 3.0 Database,wdb,Database,Moderate Risk,-12,3,0.00,-5,-3,,,-20,,,,,,,,,,,,,,,,,,,,,,,,,,,,,,,,,,,,,,,,,,
NF00327,Microsoft Works for Windows 3.0a Database,wdb,Database,Moderate Risk,-12,3,0.00,-5,-3,,,-20,,,,,,,,,,,,,,,,,,,,,,,,,,,,,,,,,,,,,,,,,,
NF00328,Microsoft Works for Windows 3.0b Database,wdb,Database,Moderate Risk,-12,3,0.00,-5,-3,,,-20,,,,,,,,,,,,,,,,,,,,,,,,,,,,,,,,,,,,,,,,,,
NF00329,Microsoft Works for Windows 4.0 Database,wdb,Database,Moderate Risk,-12,3,0.00,-5,-3,,,-20,,,,,,,,,,,,,,,,,,,,,,,,,,,,,,,,,,,,,,,,,,
NF00330,Microsoft Works for Windows 4.0a Database,wdb,Database,Moderate Risk,-12,3,0.00,-5,-3,,,-20,,,,,,,,,,,,,,,,,,,,,,,,,,,,,,,,,,,,,,,,,,
NF00331,Microsoft Works for Windows 4.5 Database,wdb,Database,Moderate Risk,-12,3,0.00,-5,-3,,,-20,,,,,,,,,,,,,,,,,,,,,,,,,,,,,,,,,,,,,,,,,,
NF00332,Microsoft Works for Windows 4.5a Database,wdb,Database,Moderate Risk,-12,3,0.00,-5,-3,,,-20,,,,,,,,,,,,,,,,,,,,,,,,,,,,,,,,,,,,,,,,,,
NF00333,Microstation CAD Drawing 95,dgn,CAD/3D/Vector Graphics,Moderate Risk,-3,2480,0.00,-5,-3,,,-11,,,,,,,,,,,,,,,,,,,,,,,,,,,,,,,,,,,,,,,,,,
NF00334,MIME Hypertext Markup Language,mht; mhtml,Web Content,Low Risk,38,13813,0.00,-5,5,,,38,,,,,,,,,,,,,,,,,,,,,,,,,,,,,,,,,,,,,,,,,,
NF00335,MP3,mp3; x-mp3; mpeg3; mpeg; x-mpeg3; mpg; x-mpg; x-mpegaudio,Digital Audio,Moderate Risk,17,186,0.00,-5,5,,X,17,,,,,,,,,,,,,,,,,,,,,,,,,,,,,,,,,,,,,,,,,,
NF00336,MPEG-1,mpg; mpeg; mp1; mp2; mp3; m1v; m1a; m2a; mpa; mpv,Digital Video,Low Risk,32,61050,0.00,-5,3,,X,30,,,,,,,,,,,,,,,,,,,,,,,,,,,,,,,,,,,,,,,,,,
NF00337,MPEG-2,mpg mpeg; mpeg2; mpv; mp2t; mp1s; mp2p; x-mpg; x-pn-mpg; x-mpeg; x-mpeg2a,Digital Video,Moderate Risk,20,6064,0.00,-5,5,,X,20,,,,,,,,,,,,,,,,,,,,,,,,,,,,,,,,,,,,,,,,,,
NF00339,MPEG-4 Advanced Video Coding,mp4; mpa,Digital Video,Low Risk,29,105003,0.01,-5,5,,X,29,,,,,,,,,,,,,,,,,,,,,,,,,,,,,,,,,,,,,,,,,,
NF00340,MySQL Database Format File,frm,Database,Low Risk,24,11744,0.00,-5,-3,,,16,,,,,,,,,,,,,,,,,,,,,,,,,,,,,,,,,,,,,,,,,,
NF00341,Nikon Electronic Format RAW Image,.nef; .nrw; .ndf; .ndr,Digital Still Image,Moderate Risk,11,6647,0.00,-5,3,,,9,,,,,,,,,,,,,,,,,,,,,,,,,,,,,,,,,,,,,,,,,,
NF00342,Nota Bene Text File,nb,Textual,High Risk,-13,38,0.00,-5,-3,,,-21,,,,,,,,,,,,,,,,,,,,,,,,,,,,,,,,,,,,,,,,,,
NF00343,Microsoft OLE Compound Format,ole; ole2,Software,Moderate risk,4,52308,0.00,-5,3,,,2,,,,,,,,,,,,,,,,,,,,,,,,,,,,,,,,,,,,,,,,,,
NF00344,OmniPage Pro OCR File,met,Textual,Moderate Risk,17,3332,0.00,-5,3,,,15,,,,,,,,,,,,,,,,,,,,,,,,,,,,,,,,,,,,,,,,,,
NF00345,OpenDocument Format Document,odt; fodt,Textual,Moderate Risk,14,7603,0.00,-5,5,,,14,,,,,,,,,,,,,,,,,,,,,,,,,,,,,,,,,,,,,,,,,,
NF00346,OpenDocument Format Formula,odf; fodf,Textual,Low Risk,45,10,0.00,-5,5,X,,45,,,,,,,,,,,,,,,,,,,,,,,,,,,,,,,,,,,,,,,,,,
NF00347,OpenDocument Format Graphic,odg; fodg,CAD/3D/Vector Graphics,Low Risk,45,5,0.00,-5,-3,,,37,,,,,,,,,,,,,,,,,,,,,,,,,,,,,,,,,,,,,,,,,,
NF00348,OpenDocument Format Presentation,odp; fodp,Presentation/Publishing,Low Risk,45,40,0.00,-5,5,X,,45,,,,,,,,,,,,,,,,,,,,,,,,,,,,,,,,,,,,,,,,,,
NF00349,OpenDocument Format Spreadsheet,ods; fods,Spreadsheet,Low Risk,45,3,0.00,-5,5,X,,45,,,,,,,,,,,,,,,,,,,,,,,,,,,,,,,,,,,,,,,,,,
NF00350,OS/2 Bitmap 1.0/2.0,bmp,Digital Still Image,Low Risk,45,802,0.00,-5,3,,,43,,,,,,,,,,,,,,,,,,,,,,,,,,,,,,,,,,,,,,,,,,
NF00351,OS/2 Change Control File,cin,Software,High Risk,-12,1,0.00,-5,3,,,-14,,,,,,,,,,,,,,,,,,,,,,,,,,,,,,,,,,,,,,,,,,
NF00352,PageMaker 5.0,pm5,Presentation/Publishing,High Risk,-14,1,0.00,-5,-3,,,-22,,,,,,,,,,,,,,,,,,,,,,,,,,,,,,,,,,,,,,,,,,
NF00353,PageMaker TableEditor Graphic,tbl,Presentation/Publishing,Moderate Risk,-4,14,0.00,-5,-3,,,-12,,,,,,,,,,,,,,,,,,,,,,,,,,,,,,,,,,,,,,,,,,
NF00354,PaintShopPro 2/3/4/5/6/7/8,psp,Digital Still Image,Moderate Risk,-5,12,0.00,-5,3,,,-7,,,,,,,,,,,,,,,,,,,,,,,,,,,,,,,,,,,,,,,,,,
NF00355,PaintShopPro Browser Cache File,jbf,Digital Still Image,High Risk,-24,18,0.00,-5,3,,,-26,,,,,,,,,,,,,,,,,,,,,,,,,,,,,,,,,,,,,,,,,,
NF00356,PCPaint Image,pic,Digital Still Image,High Risk,-24,198,0.00,-5,-3,,,-32,,,,,,,,,,,,,,,,,,,,,,,,,,,,,,,,,,,,,,,,,,
NF00357,PGP Encryption Key,pgp,Software,High Risk,-34,3318,0.00,-5,-3,,,-42,,,,,,,,,,,,,,,,,,,,,,,,,,,,,,,,,,,,,,,,,,
NF00358,PHP Script Page,php,Software,Moderate Risk,27,1876,0.00,-5,5,,,27,,,,,,,,,,,,,,,,,,,,,,,,,,,,,,,,,,,,,,,,,,
NF00359,PiCture eXchange 5,pcx,Digital Still Image,Low Risk,27,52,0.00,-5,3,,,25,,,,,,,,,,,,,,,,,,,,,,,,,,,,,,,,,,,,,,,,,,
NF00360,Plain Text,txt,Textual,Moderate Risk,-10,684392,0.05,-5,5,,,-10,,,,,,,,,,,,,,,,,,,,,,,,,,,,,,,,,,,,,,,,,,
NF00361,Portable Document Format,pdf,Textual,Low Risk,27,8181392,0.55,-5,5,,X,27,,,,,,,,,,,,,,,,,,,,,,,,,,,,,,,,,,,,,,,,,,
NF00362,Portable Document Format 1.0,pdf,Textual,Moderate Risk,10,918,0.00,-5,3,,,8,,,,,,,,,,,,,,,,,,,,,,,,,,,,,,,,,,,,,,,,,,
NF00363,Portable Document Format 1.1,pdf,Textual,Moderate Risk,10,9868,0.00,-5,3,,,8,,,,,,,,,,,,,,,,,,,,,,,,,,,,,,,,,,,,,,,,,,
NF00364,Portable Document Format 1.2,pdf,Textual,Low Risk,24,161910,0.01,-5,3,,,22,,,,,,,,,,,,,,,,,,,,,,,,,,,,,,,,,,,,,,,,,,
NF00365,Portable Document Format 1.3,pdf,Textual,Moderate Risk,18,1007502,0.07,-5,3,,,16,,,,,,,,,,,,,,,,,,,,,,,,,,,,,,,,,,,,,,,,,,
NF00366,Portable Document Format 1.4,pdf,Textual,Moderate Risk,18,419029,0.03,-5,3,,,16,,,,,,,,,,,,,,,,,,,,,,,,,,,,,,,,,,,,,,,,,,
NF00367,Portable Document Format 1.5,pdf,Textual,Moderate Risk,19,131636,0.01,-5,3,,,17,,,,,,,,,,,,,,,,,,,,,,,,,,,,,,,,,,,,,,,,,,
NF00368,Portable Document Format 1.6,pdf,Textual,Moderate Risk,19,209287,0.01,-5,3,,,17,,,,,,,,,,,,,,,,,,,,,,,,,,,,,,,,,,,,,,,,,,
NF00369,Portable Document Format 1.7,pdf,Textual,Low Risk,23,4563,0.00,-5,3,,,21,,,,,,,,,,,,,,,,,,,,,,,,,,,,,,,,,,,,,,,,,,
NF00370,Portable Document Format/Archiving 1,pdf,Textual,Low Risk,23,472,0.00,-5,5,X,,23,,,,,,,,,,,,,,,,,,,,,,,,,,,,,,,,,,,,,,,,,,
NF00371,Portable Document Format/Archiving 1a,pdf,Textual,Low Risk,45,5892,0.00,-5,5,X,,45,,,,,,,,,,,,,,,,,,,,,,,,,,,,,,,,,,,,,,,,,,
NF00372,Portable Document Format/Archiving 1b,pdf,Textual,Low Risk,45,14401,0.00,-5,5,X,,45,,,,,,,,,,,,,,,,,,,,,,,,,,,,,,,,,,,,,,,,,,
NF00373,Portable Document Format/Engineering,pdf,CAD/3D/Vector Graphics,Low Risk,45,0,0.00,-5,3,,X,43,,,,,,,,,,,,,,,,,,,,,,,,,,,,,,,,,,,,,,,,,,
NF00374,Portable Document Format/Exchange 1:1999,pdf,Textual,Moderate Risk,20,12668,0.00,-5,3,,,18,,,,,,,,,,,,,,,,,,,,,,,,,,,,,,,,,,,,,,,,,,
NF00375,Portable Document Format/Exchange 1:2001,pdf,Textual,Moderate Risk,8,12668,0.00,-5,3,,,6,,,,,,,,,,,,,,,,,,,,,,,,,,,,,,,,,,,,,,,,,,
NF00376,Portable Document Format/Exchange 1a:2001,pdf,Textual,Low Risk,32,5709,0.00,-5,3,,,30,,,,,,,,,,,,,,,,,,,,,,,,,,,,,,,,,,,,,,,,,,
NF00377,Portable Document Format/Exchange 1a:2003,pdf,Textual,Low Risk,31,12668,0.00,-5,3,,,29,,,,,,,,,,,,,,,,,,,,,,,,,,,,,,,,,,,,,,,,,,
NF00378,Portable Document Format/Exchange 3:2002,pdf,Textual,Low Risk,48,5336,0.00,-5,5,,,48,,,,,,,,,,,,,,,,,,,,,,,,,,,,,,,,,,,,,,,,,,
NF00379,Portable Document Format/Exchange 3:2003,pdf,Textual,Low Risk,32,12668,0.00,-5,3,,,30,,,,,,,,,,,,,,,,,,,,,,,,,,,,,,,,,,,,,,,,,,
NF00380,Portable Executable file,pe; exe; dll; cpl; efi; ocx; scr; sys,Software,High Risk,-27,273,0.00,-5,3,,,-29,,,,,,,,,,,,,,,,,,,,,,,,,,,,,,,,,,,,,,,,,,
NF00381,Portable Network Graphics 1.0,png,Digital Still Image,Low Risk,29,4935,0.00,-5,5,X,,29,,,,,,,,,,,,,,,,,,,,,,,,,,,,,,,,,,,,,,,,,,
NF00382,Portable Network Graphics 1.1,png,Digital Still Image,Low Risk,29,5675,0.00,-5,5,X,,29,,,,,,,,,,,,,,,,,,,,,,,,,,,,,,,,,,,,,,,,,,
NF00383,Portable Network Graphics 1.2,png,Digital Still Image,Low Risk,29,540622,0.04,-5,5,X,,29,,,,,,,,,,,,,,,,,,,,,,,,,,,,,,,,,,,,,,,,,,
NF00384,PostScript 2.0,ps,Presentation/Publishing,Moderate Risk,20,32,0.00,-5,2,,,17,,,,,,,,,,,,,,,,,,,,,,,,,,,,,,,,,,,,,,,,,,
NF00385,PostScript 3.0,ps,Presentation/Publishing,Moderate Risk,20,169,0.00,-5,2,,,17,,,,,,,,,,,,,,,,,,,,,,,,,,,,,,,,,,,,,,,,,,
NF00386,PostScript font,pfb,Software,Moderate Risk,19,34,0.00,-5,5,,,19,,,,,,,,,,,,,,,,,,,,,,,,,,,,,,,,,,,,,,,,,,
NF00387,PowerShell,psd1,Software,Low Risk,24,24,0.00,-5,5,,,24,,,,,,,,,,,,,,,,,,,,,,,,,,,,,,,,,,,,,,,,,,
NF00388,Product Representation Compact,prc,CAD/3D/Vector Graphics,Low Risk,24,2945,0.00,-5,5,,X,24,,,,,,,,,,,,,,,,,,,,,,,,,,,,,,,,,,,,,,,,,,
NF00389,Python code file,py,Software,Low Risk,25,17914,0.00,-5,5,,,25,,,,,,,,,,,,,,,,,,,,,,,,,,,,,,,,,,,,,,,,,,
NF00390,Quattro Pro for DOS,wq1; wq2,Spreadsheet,Moderate Risk,-2,355,0.00,-5,3,,,-4,,,,,,,,,,,,,,,,,,,,,,,,,,,,,,,,,,,,,,,,,,
NF00391,Quattro Pro for Windows,wb1; wb2; wb3; qpw,Spreadsheet,Moderate Risk,-1,8248,0.00,-5,3,,,-3,,,,,,,,,,,,,,,,,,,,,,,,,,,,,,,,,,,,,,,,,,
NF00392,QuickTime Audio AAC Codec,m4b; m4p,Digital Audio,Moderate Risk,13,2147,0.00,-5,3,,,11,,,,,,,,,,,,,,,,,,,,,,,,,,,,,,,,,,,,,,,,,,
NF00393,QuickTime Video,mov,Digital Video,Low Risk,29,205621,0.01,-5,5,,X,29,,,,,,,,,,,,,,,,,,,,,,,,,,,,,,,,,,,,,,,,,,
NF00394,Raster Product Format,toc,Geospatial,Moderate Risk,10,177,0.00,-5,-5,,,0,,,,,,,,,,,,,,,,,,,,,,,,,,,,,,,,,,,,,,,,,,
NF00395,Raw Bitmap Stream,bmp,Digital Still Image,Moderate Risk,-8,0,0.00,-5,-5,,,-18,,,,,,,,,,,,,,,,,,,,,,,,,,,,,,,,,,,,,,,,,,
NF00396,RealMedia,rm; ra,Multimedia,Moderate Risk,-2,14770,0.00,-5,3,,,-4,,,,,,,,,,,,,,,,,,,,,,,,,,,,,,,,,,,,,,,,,,
NF00397,RealMedia Shortcut file,ram,Multimedia,Moderate Risk,-2,5933,0.00,-5,3,,,-4,,,,,,,,,,,,,,,,,,,,,,,,,,,,,,,,,,,,,,,,,,
NF00398,Rich Text Format 1.0-1.9,rtf,Textual,Moderate Risk,11,84677,0.01,-5,-3,,,3,,,,,,,,,,,,,,,,,,,,,,,,,,,,,,,,,,,,,,,,,,
NF00399,SAS Data File,ssd,Database,Moderate Risk,-7,20,0.00,-5,-3,,,-15,,,,,,,,,,,,,,,,,,,,,,,,,,,,,,,,,,,,,,,,,,
NF00400,SAS for MS-DOS Database,ssd,Database,Moderate Risk,-7,2,0.00,-5,-3,,,-15,,,,,,,,,,,,,,,,,,,,,,,,,,,,,,,,,,,,,,,,,,
NF00401,Scalable Vector Graphics 1.0,svg ,CAD/3D/Vector Graphics,Low Risk,28,23,0.00,-5,5,,,28,,,,,,,,,,,,,,,,,,,,,,,,,,,,,,,,,,,,,,,,,,
NF00402,Scalable Vector Graphics 1.1,svg,CAD/3D/Vector Graphics,Low Risk,28,5495,0.00,-5,5,,,28,,,,,,,,,,,,,,,,,,,,,,,,,,,,,,,,,,,,,,,,,,
NF00403,Scalable Vector Graphics Tiny 1.2,svg,CAD/3D/Vector Graphics,Low Risk,32,1,0.00,-5,5,,,32,,,,,,,,,,,,,,,,,,,,,,,,,,,,,,,,,,,,,,,,,,
NF00404,Schedule+ Contacts,scd,Database,Moderate Risk,-12,2,0.00,-5,-3,,,-20,,,,,,,,,,,,,,,,,,,,,,,,,,,,,,,,,,,,,,,,,,
NF00405,Scitext CT Image,sct,Digital Still Image,High Risk,-17,31,0.00,-5,-5,,,-27,,,,,,,,,,,,,,,,,,,,,,,,,,,,,,,,,,,,,,,,,,
NF00406,SIARD,siard,Database,Low Risk,49,1,0.00,-5,3,,,47,,,,,,,,,,,,,,,,,,,,,,,,,,,,,,,,,,,,,,,,,,
NF00407,Sound Designer II Audio File,sd2,Digital Audio,High Risk,-38,980,0.00,-5,-5,,,-48,,,,,,,,,,,,,,,,,,,,,,,,,,,,,,,,,,,,,,,,,,
NF00408,Spatial Data Transfer Standard,ddf,Geospatial,Moderate Risk,13,71,0.00,-5,5,,X,13,,,,,,,,,,,,,,,,,,,,,,,,,,,,,,,,,,,,,,,,,,
NF00409,Standard for the Exchange of Product Model Data,step; stp; p21,CAD/3D/Vector Graphics,Low Risk,39,450,0.00,-5,5,X,,39,,,,,,,,,,,,,,,,,,,,,,,,,,,,,,,,,,,,,,,,,,
NF00410,Standard Generalized Markup Language,sgm; sgml,Structured Data,Low Risk,42,203108,0.01,-5,5,,,42,,,,,,,,,,,,,,,,,,,,,,,,,,,,,,,,,,,,,,,,,,
NF00411,Checksum File,sum,Software,Moderate Risk,-7,2618,0.00,-5,3,,,-9,,,,,,,,,,,,,,,,,,,,,,,,,,,,,,,,,,,,,,,,,,
NF00412,Stationery for Mac OS X,MAILSTATIONERY,Email,Moderate Risk,3,13627,0.00,-5,-3,,,-5,,,,,,,,,,,,,,,,,,,,,,,,,,,,,,,,,,,,,,,,,,
NF00413,Statistica Report File,str,Presentation/Publishing,Moderate Risk,-6,6,0.00,-5,-3,,,-14,,,,,,,,,,,,,,,,,,,,,,,,,,,,,,,,,,,,,,,,,,
NF00414,Stats+ Data File,dat,Database,Moderate Risk,-4,915,0.00,-5,-5,,,-14,,,,,,,,,,,,,,,,,,,,,,,,,,,,,,,,,,,,,,,,,,
NF00415,Structured Data eXchange Format,sdxf,Structured Data,Moderate Risk,-2,129,0.00,-5,-5,,,-12,,,,,,,,,,,,,,,,,,,,,,,,,,,,,,,,,,,,,,,,,,
NF00416,Structured Query Language Data,sql,Software,Low Risk,45,1,0.00,-5,3,,,43,,,,,,,,,,,,,,,,,,,,,,,,,,,,,,,,,,,,,,,,,,
NF00417,Sun Raster Image,sun; ras,Digital Still Image,Moderate Risk,2,87,0.00,-5,3,,,0,,,,,,,,,,,,,,,,,,,,,,,,,,,,,,,,,,,,,,,,,,
NF00418,Tab Separated Value file,tsv,Structured Data,Moderate Risk,20,867,0.00,-8,3,,,15,,,,,,,,,,,,,,,,,,,,,,,,,,,,,,,,,,,,,,,,,,
NF00419,Tagged Image File Format 1-6,tif; tiff; x-tif; x-tiff,Digital Still Image,Low Risk,26,126445935,8.43,-5,5,X,,26,,,,,,,,,,,,,,,,,,,,,,,,,,,,,,,,,,,,,,,,,,
NF00420,Tagged Image File Format for Electronic Photography TIFF/EP,tif; tiff,Digital Still Image,Low Risk,24,239,0.00,-5,3,,,22,,,,,,,,,,,,,,,,,,,,,,,,,,,,,,,,,,,,,,,,,,
NF00421,Tagged Image File Format for Image Technology TIFF/IT,tif; tiff,Digital Still Image,Low Risk,28,1853,0.00,-5,3,,,26,,,,,,,,,,,,,,,,,,,,,,,,,,,,,,,,,,,,,,,,,,
NF00422,Tagged Image File Format for Internet Fax TIFF-FX,tif; tiff,Digital Still Image,Low Risk,29,40421,0.00,-5,3,,,27,,,,,,,,,,,,,,,,,,,,,,,,,,,,,,,,,,,,,,,,,,
NF00423,TAR Archive,tar,Software,Moderate Risk,9,1268,0.00,-5,3,,,7,,,,,,,,,,,,,,,,,,,,,,,,,,,,,,,,,,,,,,,,,,
NF00424,Temp file,tmp; temp,Software,High Risk,-19,26965,0.00,-5,5,,,-19,,,,,,,,,,,,,,,,,,,,,,,,,,,,,,,,,,,,,,,,,,
NF00425,TerraGo Geospatial PDF,pdf,Geospatial,Moderate Risk,11,1,0.00,-5,5,,X,11,,,,,,,,,,,,,,,,,,,,,,,,,,,,,,,,,,,,,,,,,,
NF00426,Topologically Integrated Geographic Encoding and Referencing Files TIGER/line,eoo; ft#; rt#; shp,Geospatial,Low Risk,31,698,0.00,-5,5,X,,31,,,,,,,,,,,,,,,,,,,,,,,,,,,,,,,,,,,,,,,,,,
NF00427,TrueType Font,ttf,Software,Moderate Risk,-2,36646,0.00,-5,5,,,-2,,,,,,,,,,,,,,,,,,,,,,,,,,,,,,,,,,,,,,,,,,
NF00428,Truevision TARGA 1/2,tga,Digital Still Image,Moderate Risk,-5,2540,0.00,-5,3,,,-7,,,,,,,,,,,,,,,,,,,,,,,,,,,,,,,,,,,,,,,,,,
NF00429,Unicode Universal Coded Character Set Transformation Format UTF-18 and UTF-16,txt; utf8; utf16,Textual,Low Risk,44,45,0.00,-5,5,X,,44,,,,,,,,,,,,,,,,,,,,,,,,,,,,,,,,,,,,,,,,,,
NF00430,Uniform Resource Locator,url,Web Content,Low Risk,40,420552,0.03,-5,5,,,40,,,,,,,,,,,,,,,,,,,,,,,,,,,,,,,,,,,,,,,,,,
NF00431,Universal 3D,u3d,CAD/3D/Vector Graphics,Moderate Risk,19,2,0.00,-5,5,,X,19,,,,,,,,,,,,,,,,,,,,,,,,,,,,,,,,,,,,,,,,,,
NF00432,vCard File,vcf,Database,Low Risk,28,13939,0.00,-5,-3,,,20,,,,,,,,,,,,,,,,,,,,,,,,,,,,,,,,,,,,,,,,,,
NF00433,Vector Product Format,cat; Coverage Attribute Table; cnd; Connected Node Primitive; csi; Connected Node Spatial Index; dht; Database Header Table; dqt; Data Quality Table; ebr; Edge Bounding Rectangle; edg; Edge Primitive; end; Entity Node Primitive; esi; Edge Spatial Index; fac; Face Primitive; fbr; Face Bounding Rectangle; fca; Feature Class Attribute Table; fcs; Feature Class Schema Table; fsi; Face Spatial Index; grt; Geographic Reference Table; lat; Library Attribute Table; lht; Library Header Table; nsi; Entity Node Spatial Index; rng; Ring Table; txt; Text Primitive; tsi; Text Spatial Index; charvdt; Character Value Description Table; int vdt; Integer Value Description Table,Geospatial,Moderate Risk,10,0,0.00,-5,5,,X,10,,,,,,,,,,,,,,,,,,,,,,,,,,,,,,,,,,,,,,,,,,
NF00434,Ventura Publisher,pub,Presentation/Publishing,Moderate Risk,-2,72,0.00,-5,-3,,,-10,,,,,,,,,,,,,,,,,,,,,,,,,,,,,,,,,,,,,,,,,,
NF00435,Visicalc,vs; vcs,Spreadsheet,High Risk,-15,45,0.00,-5,3,,,-17,,,,,,,,,,,,,,,,,,,,,,,,,,,,,,,,,,,,,,,,,,
NF00436,Vista Pro,van,CAD/3D/Vector Graphics,High Risk,-13,180,0.00,-5,-3,,,-21,,,,,,,,,,,,,,,,,,,,,,,,,,,,,,,,,,,,,,,,,,
NF00437,VOB,vob,Digital Video,Moderate Risk,18,25,0.00,-5,3,,,16,,,,,,,,,,,,,,,,,,,,,,,,,,,,,,,,,,,,,,,,,,
NF00438,WAVE Audio File Format with LPCM Audio,wav,Digital Audio,Low Risk,28,61976,0.00,-5,5,,X,28,,,,,,,,,,,,,,,,,,,,,,,,,,,,,,,,,,,,,,,,,,
NF00439,Web ARChive Format,warc,Web Content,Low Risk,36,0,0.00,-5,5,,X,36,,,,,,,,,,,,,,,,,,,,,,,,,,,,,,,,,,,,,,,,,,
NF00440,Windows Autorun Configuration File,autoruninf,Software,Moderate Risk,16,6,0.00,-5,5,,,16,,,,,,,,,,,,,,,,,,,,,,,,,,,,,,,,,,,,,,,,,,
NF00441,Windows Bitmap 1.0,bmp,Digital Still Image,Moderate Risk,0,1,0.00,-5,3,,,-2,,,,,,,,,,,,,,,,,,,,,,,,,,,,,,,,,,,,,,,,,,
NF00442,Windows Bitmap 3.0,bmp,Digital Still Image,Moderate Risk,3,609,0.00,-5,3,,,1,,,,,,,,,,,,,,,,,,,,,,,,,,,,,,,,,,,,,,,,,,
NF00443,Windows Bitmap 3.0 NT,bmp,Digital Still Image,Moderate Risk,3,2,0.00,-5,3,,,1,,,,,,,,,,,,,,,,,,,,,,,,,,,,,,,,,,,,,,,,,,
NF00444,Windows Bitmap Raw Stream,bmp,Digital Still Image,Moderate Risk,-8,344412,0.02,-5,3,,,-10,,,,,,,,,,,,,,,,,,,,,,,,,,,,,,,,,,,,,,,,,,
NF00445,Windows Cabinet File,cab,Software,Moderate Risk,1,12536,0.00,-5,5,,,1,,,,,,,,,,,,,,,,,,,,,,,,,,,,,,,,,,,,,,,,,,
NF00446,Windows Media Audio,wma,Digital Audio,Moderate Risk,16,147,0.00,-5,3,,X,14,,,,,,,,,,,,,,,,,,,,,,,,,,,,,,,,,,,,,,,,,,
NF00447,Windows Media Video 9 File Format,wmv,Digital Video,Moderate Risk,8,6288,0.00,-5,5,,X,8,,,,,,,,,,,,,,,,,,,,,,,,,,,,,,,,,,,,,,,,,,
NF00448,Windows Metafile Image,wmf,Digital Still Image,High Risk,-14,52106,0.00,-5,3,,,-16,,,,,,,,,,,,,,,,,,,,,,,,,,,,,,,,,,,,,,,,,,
NF00449,Windows New Executable file,exe; dll; cpl; drv; scr,Software,High Risk,-31,856,0.00,-5,5,,,-31,,,,,,,,,,,,,,,,,,,,,,,,,,,,,,,,,,,,,,,,,,
NF00450,Windows Setup Information File,inf,Software,Moderate Risk,14,1,0.00,-5,5,,,14,,,,,,,,,,,,,,,,,,,,,,,,,,,,,,,,,,,,,,,,,,
NF00451,Windows Shortcut,lnk,Software,Moderate Risk,4,383023,0.03,-5,5,,,4,,,,,,,,,,,,,,,,,,,,,,,,,,,,,,,,,,,,,,,,,,
NF00452,WordPerfect 6-12,wpd; wp6; wp7,Textual,Moderate Risk,1,629368,0.04,-5,3,,,-1,,,,,,,,,,,,,,,,,,,,,,,,,,,,,,,,,,,,,,,,,,
NF00453,WordPerfect for DOS/Windows 5.1,wp; wp5; wpd,Textual,Moderate Risk,-1,905,0.00,-5,3,,,-3,,,,,,,,,,,,,,,,,,,,,,,,,,,,,,,,,,,,,,,,,,
NF00454,WordPerfect for DOS/Windows 5.2,wp; wp5; wpd,Textual,Moderate Risk,-1,474,0.00,-5,3,,,-3,,,,,,,,,,,,,,,,,,,,,,,,,,,,,,,,,,,,,,,,,,
NF00455,WordPerfect for MS-DOS 5.0,wp; wp5; wpd,Textual,Moderate Risk,-1,130,0.00,-5,3,,,-3,,,,,,,,,,,,,,,,,,,,,,,,,,,,,,,,,,,,,,,,,,
NF00456,Wordperfect Secondary File 5.0/5.1/5.2,wp; wp5,Textual,Moderate Risk,16,27254,0.00,-5,-3,,,8,,,,,,,,,,,,,,,,,,,,,,,,,,,,,,,,,,,,,,,,,,
NF00457,Write for Windows 3.0,wri,Textual,Moderate risk,3,6,0.00,-5,-3,,,-5,,,,,,,,,,,,,,,,,,,,,,,,,,,,,,,,,,,,,,,,,,
NF00458,ZIP Archive,zip,Software,Moderate Risk,13,94432,0.01,-5,3,,,11,,,,,,,,,,,,,,,,,,,,,,,,,,,,,,,,,,,,,,,,,,
NF00459,Portable Document Format/Exchange 2:2003,pdf,Textual,Low Risk,32,12668,0.00,-5,3,,,30,,,,,,,,,,,,,,,,,,,,,,,,,,,,,,,,,,,,,,,,,,
NF00462,Digital Cinema Package,dcp,Digital Cinema,Low Risk,28,29,0.00,-5,3,,,26,,,,,,,,,,,,,,,,,,,,,,,,,,,,,,,,,,,,,,,,,,
,,,,,,,,,,,,,,,,,,,,,,,,,,,,,,,,,,,,,,,,,,,,,,,,,,,,,,
,,,,,,,,,,,,,,,,,,,,,,,,,,,,,,,,,,,,,,,,,,,,,,,,,,,,,,
,,,,,,,,,,,,,,,,,,,,,,,,,,,,,,,,,,,,,,,,,,,,,,,,,,,,,,
,,,,,,,,,,,,,,,,,,,,,,,,,,,,,,,,,,,,,,,,,,,,,,,,,,,,,,
,,,,,,,,,,,,,,,,,,,,,,,,,,,,,,,,,,,,,,,,,,,,,,,,,,,,,,
,,,,,,,,,,,,,,,,,,,,,,,,,,,,,,,,,,,,,,,,,,,,,,,,,,,,,,
,,,,,,,,,,,,,,,,,,,,,,,,,,,,,,,,,,,,,,,,,,,,,,,,,,,,,,
,,,,,,,,,,,,,,,,,,,,,,,,,,,,,,,,,,,,,,,,,,,,,,,,,,,,,,
,,,,,,,,,,,,,,,,,,,,,,,,,,,,,,,,,,,,,,,,,,,,,,,,,,,,,,
,,,,,,,,,,,,,,,,,,,,,,,,,,,,,,,,,,,,,,,,,,,,,,,,,,,,,,
,,,,,,,,,,,,,,,,,,,,,,,,,,,,,,,,,,,,,,,,,,,,,,,,,,,,,,
,,,,,,,,,,,,,,,,,,,,,,,,,,,,,,,,,,,,,,,,,,,,,,,,,,,,,,
,,,,,,,,,,,,,,,,,,,,,,,,,,,,,,,,,,,,,,,,,,,,,,,,,,,,,,
,,,,,,,,,,,,,,,,,,,,,,,,,,,,,,,,,,,,,,,,,,,,,,,,,,,,,,
,,,,,,,,,,,,,,,,,,,,,,,,,,,,,,,,,,,,,,,,,,,,,,,,,,,,,,
,,,,,,,,,,,,,,,,,,,,,,,,,,,,,,,,,,,,,,,,,,,,,,,,,,,,,,
,,,,,,,,,,,,,,,,,,,,,,,,,,,,,,,,,,,,,,,,,,,,,,,,,,,,,,
,,,,,,,,,,,,,,,,,,,,,,,,,,,,,,,,,,,,,,,,,,,,,,,,,,,,,,
,,,,,,,,,,,,,,,,,,,,,,,,,,,,,,,,,,,,,,,,,,,,,,,,,,,,,,
,,,,,,,,,,,,,,,,,,,,,,,,,,,,,,,,,,,,,,,,,,,,,,,,,,,,,,
,,,,,,,,,,,,,,,,,,,,,,,,,,,,,,,,,,,,,,,,,,,,,,,,,,,,,,
,,,,,,,,,,,,,,,,,,,,,,,,,,,,,,,,,,,,,,,,,,,,,,,,,,,,,,
,,,,,,,,,,,,,,,,,,,,,,,,,,,,,,,,,,,,,,,,,,,,,,,,,,,,,,
,,,,,,,,,,,,,,,,,,,,,,,,,,,,,,,,,,,,,,,,,,,,,,,,,,,,,,
,,,,,,,,,,,,,,,,,,,,,,,,,,,,,,,,,,,,,,,,,,,,,,,,,,,,,,
,,,,,,,,,,,,,,,,,,,,,,,,,,,,,,,,,,,,,,,,,,,,,,,,,,,,,,
,,,,,,,,,,,,,,,,,,,,,,,,,,,,,,,,,,,,,,,,,,,,,,,,,,,,,,
,,,,,,,,,,,,,,,,,,,,,,,,,,,,,,,,,,,,,,,,,,,,,,,,,,,,,,
,,,,,,,,,,,,,,,,,,,,,,,,,,,,,,,,,,,,,,,,,,,,,,,,,,,,,,
,,,,,,,,,,,,,,,,,,,,,,,,,,,,,,,,,,,,,,,,,,,,,,,,,,,,,,
,,,,,,,,,,,,,,,,,,,,,,,,,,,,,,,,,,,,,,,,,,,,,,,,,,,,,,
,,,,,,,,,,,,,,,,,,,,,,,,,,,,,,,,,,,,,,,,,,,,,,,,,,,,,,
,,,,,,,,,,,,,,,,,,,,,,,,,,,,,,,,,,,,,,,,,,,,,,,,,,,,,,
,,,,,,,,,,,,,,,,,,,,,,,,,,,,,,,,,,,,,,,,,,,,,,,,,,,,,,
,,,,,,,,,,,,,,,,,,,,,,,,,,,,,,,,,,,,,,,,,,,,,,,,,,,,,,
,,,,,,,,,,,,,,,,,,,,,,,,,,,,,,,,,,,,,,,,,,,,,,,,,,,,,,
,,,,,,,,,,,,,,,,,,,,,,,,,,,,,,,,,,,,,,,,,,,,,,,,,,,,,,
,,,,,,,,,,,,,,,,,,,,,,,,,,,,,,,,,,,,,,,,,,,,,,,,,,,,,,
,,,,,,,,,,,,,,,,,,,,,,,,,,,,,,,,,,,,,,,,,,,,,,,,,,,,,,
,,,,,,,,,,,,,,,,,,,,,,,,,,,,,,,,,,,,,,,,,,,,,,,,,,,,,,
,,,,,,,,,,,,,,,,,,,,,,,,,,,,,,,,,,,,,,,,,,,,,,,,,,,,,,
,,,,,,,,,,,,,,,,,,,,,,,,,,,,,,,,,,,,,,,,,,,,,,,,,,,,,,
,,,,,,,,,,,,,,,,,,,,,,,,,,,,,,,,,,,,,,,,,,,,,,,,,,,,,,
,,,,,,,,,,,,,,,,,,,,,,,,,,,,,,,,,,,,,,,,,,,,,,,,,,,,,,
,,,,,,,,,,,,,,,,,,,,,,,,,,,,,,,,,,,,,,,,,,,,,,,,,,,,,,
,,,,,,,,,,,,,,,,,,,,,,,,,,,,,,,,,,,,,,,,,,,,,,,,,,,,,,
,,,,,,,,,,,,,,,,,,,,,,,,,,,,,,,,,,,,,,,,,,,,,,,,,,,,,,
,,,,,,,,,,,,,,,,,,,,,,,,,,,,,,,,,,,,,,,,,,,,,,,,,,,,,,
,,,,,,,,,,,,,,,,,,,,,,,,,,,,,,,,,,,,,,,,,,,,,,,,,,,,,,
,,,,,,,,,,,,,,,,,,,,,,,,,,,,,,,,,,,,,,,,,,,,,,,,,,,,,,
,,,,,,,,,,,,,,,,,,,,,,,,,,,,,,,,,,,,,,,,,,,,,,,,,,,,,,
,,,,,,,,,,,,,,,,,,,,,,,,,,,,,,,,,,,,,,,,,,,,,,,,,,,,,,
,,,,,,,,,,,,,,,,,,,,,,,,,,,,,,,,,,,,,,,,,,,,,,,,,,,,,,
,,,,,,,,,,,,,,,,,,,,,,,,,,,,,,,,,,,,,,,,,,,,,,,,,,,,,,
,,,,,,,,,,,,,,,,,,,,,,,,,,,,,,,,,,,,,,,,,,,,,,,,,,,,,,
,,,,,,,,,,,,,,,,,,,,,,,,,,,,,,,,,,,,,,,,,,,,,,,,,,,,,,
,,,,,,,,,,,,,,,,,,,,,,,,,,,,,,,,,,,,,,,,,,,,,,,,,,,,,,
,,,,,,,,,,,,,,,,,,,,,,,,,,,,,,,,,,,,,,,,,,,,,,,,,,,,,,
,,,,,,,,,,,,,,,,,,,,,,,,,,,,,,,,,,,,,,,,,,,,,,,,,,,,,,
,,,,,,,,,,,,,,,,,,,,,,,,,,,,,,,,,,,,,,,,,,,,,,,,,,,,,,
,,,,,,,,,,,,,,,,,,,,,,,,,,,,,,,,,,,,,,,,,,,,,,,,,,,,,,
,,,,,,,,,,,,,,,,,,,,,,,,,,,,,,,,,,,,,,,,,,,,,,,,,,,,,,
,,,,,,,,,,,,,,,,,,,,,,,,,,,,,,,,,,,,,,,,,,,,,,,,,,,,,,
,,,,,,,,,,,,,,,,,,,,,,,,,,,,,,,,,,,,,,,,,,,,,,,,,,,,,,
,,,,,,,,,,,,,,,,,,,,,,,,,,,,,,,,,,,,,,,,,,,,,,,,,,,,,,
,,,,,,,,,,,,,,,,,,,,,,,,,,,,,,,,,,,,,,,,,,,,,,,,,,,,,,
,,,,,,,,,,,,,,,,,,,,,,,,,,,,,,,,,,,,,,,,,,,,,,,,,,,,,,
,,,,,,,,,,,,,,,,,,,,,,,,,,,,,,,,,,,,,,,,,,,,,,,,,,,,,,
,,,,,,,,,,,,,,,,,,,,,,,,,,,,,,,,,,,,,,,,,,,,,,,,,,,,,,
,,,,,,,,,,,,,,,,,,,,,,,,,,,,,,,,,,,,,,,,,,,,,,,,,,,,,,
,,,,,,,,,,,,,,,,,,,,,,,,,,,,,,,,,,,,,,,,,,,,,,,,,,,,,,
,,,,,,,,,,,,,,,,,,,,,,,,,,,,,,,,,,,,,,,,,,,,,,,,,,,,,,
,,,,,,,,,,,,,,,,,,,,,,,,,,,,,,,,,,,,,,,,,,,,,,,,,,,,,,
,,,,,,,,,,,,,,,,,,,,,,,,,,,,,,,,,,,,,,,,,,,,,,,,,,,,,,
,,,,,,,,,,,,,,,,,,,,,,,,,,,,,,,,,,,,,,,,,,,,,,,,,,,,,,
,,,,,,,,,,,,,,,,,,,,,,,,,,,,,,,,,,,,,,,,,,,,,,,,,,,,,,
,,,,,,,,,,,,,,,,,,,,,,,,,,,,,,,,,,,,,,,,,,,,,,,,,,,,,,
,,,,,,,,,,,,,,,,,,,,,,,,,,,,,,,,,,,,,,,,,,,,,,,,,,,,,,
,,,,,,,,,,,,,,,,,,,,,,,,,,,,,,,,,,,,,,,,,,,,,,,,,,,,,,
,,,,,,,,,,,,,,,,,,,,,,,,,,,,,,,,,,,,,,,,,,,,,,,,,,,,,,
,,,,,,,,,,,,,,,,,,,,,,,,,,,,,,,,,,,,,,,,,,,,,,,,,,,,,,
,,,,,,,,,,,,,,,,,,,,,,,,,,,,,,,,,,,,,,,,,,,,,,,,,,,,,,
,,,,,,,,,,,,,,,,,,,,,,,,,,,,,,,,,,,,,,,,,,,,,,,,,,,,,,
,,,,,,,,,,,,,,,,,,,,,,,,,,,,,,,,,,,,,,,,,,,,,,,,,,,,,,
,,,,,,,,,,,,,,,,,,,,,,,,,,,,,,,,,,,,,,,,,,,,,,,,,,,,,,
,,,,,,,,,,,,,,,,,,,,,,,,,,,,,,,,,,,,,,,,,,,,,,,,,,,,,,
,,,,,,,,,,,,,,,,,,,,,,,,,,,,,,,,,,,,,,,,,,,,,,,,,,,,,,
,,,,,,,,,,,,,,,,,,,,,,,,,,,,,,,,,,,,,,,,,,,,,,,,,,,,,,
,,,,,,,,,,,,,,,,,,,,,,,,,,,,,,,,,,,,,,,,,,,,,,,,,,,,,,
,,,,,,,,,,,,,,,,,,,,,,,,,,,,,,,,,,,,,,,,,,,,,,,,,,,,,,
,,,,,,,,,,,,,,,,,,,,,,,,,,,,,,,,,,,,,,,,,,,,,,,,,,,,,,
,,,,,,,,,,,,,,,,,,,,,,,,,,,,,,,,,,,,,,,,,,,,,,,,,,,,,,
,,,,,,,,,,,,,,,,,,,,,,,,,,,,,,,,,,,,,,,,,,,,,,,,,,,,,,
,,,,,,,,,,,,,,,,,,,,,,,,,,,,,,,,,,,,,,,,,,,,,,,,,,,,,,
,,,,,,,,,,,,,,,,,,,,,,,,,,,,,,,,,,,,,,,,,,,,,,,,,,,,,,
,,,,,,,,,,,,,,,,,,,,,,,,,,,,,,,,,,,,,,,,,,,,,,,,,,,,,,
,,,,,,,,,,,,,,,,,,,,,,,,,,,,,,,,,,,,,,,,,,,,,,,,,,,,,,
,,,,,,,,,,,,,,,,,,,,,,,,,,,,,,,,,,,,,,,,,,,,,,,,,,,,,,
,,,,,,,,,,,,,,,,,,,,,,,,,,,,,,,,,,,,,,,,,,,,,,,,,,,,,,
,,,,,,,,,,,,,,,,,,,,,,,,,,,,,,,,,,,,,,,,,,,,,,,,,,,,,,
,,,,,,,,,,,,,,,,,,,,,,,,,,,,,,,,,,,,,,,,,,,,,,,,,,,,,,
,,,,,,,,,,,,,,,,,,,,,,,,,,,,,,,,,,,,,,,,,,,,,,,,,,,,,,
,,,,,,,,,,,,,,,,,,,,,,,,,,,,,,,,,,,,,,,,,,,,,,,,,,,,,,
,,,,,,,,,,,,,,,,,,,,,,,,,,,,,,,,,,,,,,,,,,,,,,,,,,,,,,
,,,,,,,,,,,,,,,,,,,,,,,,,,,,,,,,,,,,,,,,,,,,,,,,,,,,,,
,,,,,,,,,,,,,,,,,,,,,,,,,,,,,,,,,,,,,,,,,,,,,,,,,,,,,,
,,,,,,,,,,,,,,,,,,,,,,,,,,,,,,,,,,,,,,,,,,,,,,,,,,,,,,
,,,,,,,,,,,,,,,,,,,,,,,,,,,,,,,,,,,,,,,,,,,,,,,,,,,,,,
,,,,,,,,,,,,,,,,,,,,,,,,,,,,,,,,,,,,,,,,,,,,,,,,,,,,,,
,,,,,,,,,,,,,,,,,,,,,,,,,,,,,,,,,,,,,,,,,,,,,,,,,,,,,,
,,,,,,,,,,,,,,,,,,,,,,,,,,,,,,,,,,,,,,,,,,,,,,,,,,,,,,
,,,,,,,,,,,,,,,,,,,,,,,,,,,,,,,,,,,,,,,,,,,,,,,,,,,,,,
,,,,,,,,,,,,,,,,,,,,,,,,,,,,,,,,,,,,,,,,,,,,,,,,,,,,,,
,,,,,,,,,,,,,,,,,,,,,,,,,,,,,,,,,,,,,,,,,,,,,,,,,,,,,,
,,,,,,,,,,,,,,,,,,,,,,,,,,,,,,,,,,,,,,,,,,,,,,,,,,,,,,
,,,,,,,,,,,,,,,,,,,,,,,,,,,,,,,,,,,,,,,,,,,,,,,,,,,,,,
,,,,,,,,,,,,,,,,,,,,,,,,,,,,,,,,,,,,,,,,,,,,,,,,,,,,,,
,,,,,,,,,,,,,,,,,,,,,,,,,,,,,,,,,,,,,,,,,,,,,,,,,,,,,,
,,,,,,,,,,,,,,,,,,,,,,,,,,,,,,,,,,,,,,,,,,,,,,,,,,,,,,
,,,,,,,,,,,,,,,,,,,,,,,,,,,,,,,,,,,,,,,,,,,,,,,,,,,,,,
,,,,,,,,,,,,,,,,,,,,,,,,,,,,,,,,,,,,,,,,,,,,,,,,,,,,,,
,,,,,,,,,,,,,,,,,,,,,,,,,,,,,,,,,,,,,,,,,,,,,,,,,,,,,,
,,,,,,,,,,,,,,,,,,,,,,,,,,,,,,,,,,,,,,,,,,,,,,,,,,,,,,
,,,,,,,,,,,,,,,,,,,,,,,,,,,,,,,,,,,,,,,,,,,,,,,,,,,,,,
,,,,,,,,,,,,,,,,,,,,,,,,,,,,,,,,,,,,,,,,,,,,,,,,,,,,,,
,,,,,,,,,,,,,,,,,,,,,,,,,,,,,,,,,,,,,,,,,,,,,,,,,,,,,,
,,,,,,,,,,,,,,,,,,,,,,,,,,,,,,,,,,,,,,,,,,,,,,,,,,,,,,
,,,,,,,,,,,,,,,,,,,,,,,,,,,,,,,,,,,,,,,,,,,,,,,,,,,,,,
,,,,,,,,,,,,,,,,,,,,,,,,,,,,,,,,,,,,,,,,,,,,,,,,,,,,,,
,,,,,,,,,,,,,,,,,,,,,,,,,,,,,,,,,,,,,,,,,,,,,,,,,,,,,,
,,,,,,,,,,,,,,,,,,,,,,,,,,,,,,,,,,,,,,,,,,,,,,,,,,,,,,
,,,,,,,,,,,,,,,,,,,,,,,,,,,,,,,,,,,,,,,,,,,,,,,,,,,,,,
,,,,,,,,,,,,,,,,,,,,,,,,,,,,,,,,,,,,,,,,,,,,,,,,,,,,,,
,,,,,,,,,,,,,,,,,,,,,,,,,,,,,,,,,,,,,,,,,,,,,,,,,,,,,,
,,,,,,,,,,,,,,,,,,,,,,,,,,,,,,,,,,,,,,,,,,,,,,,,,,,,,,
,,,,,,,,,,,,,,,,,,,,,,,,,,,,,,,,,,,,,,,,,,,,,,,,,,,,,,
,,,,,,,,,,,,,,,,,,,,,,,,,,,,,,,,,,,,,,,,,,,,,,,,,,,,,,
,,,,,,,,,,,,,,,,,,,,,,,,,,,,,,,,,,,,,,,,,,,,,,,,,,,,,,
,,,,,,,,,,,,,,,,,,,,,,,,,,,,,,,,,,,,,,,,,,,,,,,,,,,,,,
,,,,,,,,,,,,,,,,,,,,,,,,,,,,,,,,,,,,,,,,,,,,,,,,,,,,,,
,,,,,,,,,,,,,,,,,,,,,,,,,,,,,,,,,,,,,,,,,,,,,,,,,,,,,,
,,,,,,,,,,,,,,,,,,,,,,,,,,,,,,,,,,,,,,,,,,,,,,,,,,,,,,
,,,,,,,,,,,,,,,,,,,,,,,,,,,,,,,,,,,,,,,,,,,,,,,,,,,,,,
,,,,,,,,,,,,,,,,,,,,,,,,,,,,,,,,,,,,,,,,,,,,,,,,,,,,,,
,,,,,,,,,,,,,,,,,,,,,,,,,,,,,,,,,,,,,,,,,,,,,,,,,,,,,,
,,,,,,,,,,,,,,,,,,,,,,,,,,,,,,,,,,,,,,,,,,,,,,,,,,,,,,
,,,,,,,,,,,,,,,,,,,,,,,,,,,,,,,,,,,,,,,,,,,,,,,,,,,,,,
,,,,,,,,,,,,,,,,,,,,,,,,,,,,,,,,,,,,,,,,,,,,,,,,,,,,,,
,,,,,,,,,,,,,,,,,,,,,,,,,,,,,,,,,,,,,,,,,,,,,,,,,,,,,,
,,,,,,,,,,,,,,,,,,,,,,,,,,,,,,,,,,,,,,,,,,,,,,,,,,,,,,
,,,,,,,,,,,,,,,,,,,,,,,,,,,,,,,,,,,,,,,,,,,,,,,,,,,,,,
,,,,,,,,,,,,,,,,,,,,,,,,,,,,,,,,,,,,,,,,,,,,,,,,,,,,,,
,,,,,,,,,,,,,,,,,,,,,,,,,,,,,,,,,,,,,,,,,,,,,,,,,,,,,,
,,,,,,,,,,,,,,,,,,,,,,,,,,,,,,,,,,,,,,,,,,,,,,,,,,,,,,
,,,,,,,,,,,,,,,,,,,,,,,,,,,,,,,,,,,,,,,,,,,,,,,,,,,,,,
,,,,,,,,,,,,,,,,,,,,,,,,,,,,,,,,,,,,,,,,,,,,,,,,,,,,,,
,,,,,,,,,,,,,,,,,,,,,,,,,,,,,,,,,,,,,,,,,,,,,,,,,,,,,,
,,,,,,,,,,,,,,,,,,,,,,,,,,,,,,,,,,,,,,,,,,,,,,,,,,,,,,
,,,,,,,,,,,,,,,,,,,,,,,,,,,,,,,,,,,,,,,,,,,,,,,,,,,,,,
,,,,,,,,,,,,,,,,,,,,,,,,,,,,,,,,,,,,,,,,,,,,,,,,,,,,,,
,,,,,,,,,,,,,,,,,,,,,,,,,,,,,,,,,,,,,,,,,,,,,,,,,,,,,,
,,,,,,,,,,,,,,,,,,,,,,,,,,,,,,,,,,,,,,,,,,,,,,,,,,,,,,
,,,,,,,,,,,,,,,,,,,,,,,,,,,,,,,,,,,,,,,,,,,,,,,,,,,,,,
,,,,,,,,,,,,,,,,,,,,,,,,,,,,,,,,,,,,,,,,,,,,,,,,,,,,,,
,,,,,,,,,,,,,,,,,,,,,,,,,,,,,,,,,,,,,,,,,,,,,,,,,,,,,,
,,,,,,,,,,,,,,,,,,,,,,,,,,,,,,,,,,,,,,,,,,,,,,,,,,,,,,
,,,,,,,,,,,,,,,,,,,,,,,,,,,,,,,,,,,,,,,,,,,,,,,,,,,,,,
,,,,,,,,,,,,,,,,,,,,,,,,,,,,,,,,,,,,,,,,,,,,,,,,,,,,,,
,,,,,,,,,,,,,,,,,,,,,,,,,,,,,,,,,,,,,,,,,,,,,,,,,,,,,,
,,,,,,,,,,,,,,,,,,,,,,,,,,,,,,,,,,,,,,,,,,,,,,,,,,,,,,
,,,,,,,,,,,,,,,,,,,,,,,,,,,,,,,,,,,,,,,,,,,,,,,,,,,,,,
,,,,,,,,,,,,,,,,,,,,,,,,,,,,,,,,,,,,,,,,,,,,,,,,,,,,,,
,,,,,,,,,,,,,,,,,,,,,,,,,,,,,,,,,,,,,,,,,,,,,,,,,,,,,,
,,,,,,,,,,,,,,,,,,,,,,,,,,,,,,,,,,,,,,,,,,,,,,,,,,,,,,
,,,,,,,,,,,,,,,,,,,,,,,,,,,,,,,,,,,,,,,,,,,,,,,,,,,,,,
,,,,,,,,,,,,,,,,,,,,,,,,,,,,,,,,,,,,,,,,,,,,,,,,,,,,,,
,,,,,,,,,,,,,,,,,,,,,,,,,,,,,,,,,,,,,,,,,,,,,,,,,,,,,,
,,,,,,,,,,,,,,,,,,,,,,,,,,,,,,,,,,,,,,,,,,,,,,,,,,,,,,
,,,,,,,,,,,,,,,,,,,,,,,,,,,,,,,,,,,,,,,,,,,,,,,,,,,,,,
,,,,,,,,,,,,,,,,,,,,,,,,,,,,,,,,,,,,,,,,,,,,,,,,,,,,,,
,,,,,,,,,,,,,,,,,,,,,,,,,,,,,,,,,,,,,,,,,,,,,,,,,,,,,,
,,,,,,,,,,,,,,,,,,,,,,,,,,,,,,,,,,,,,,,,,,,,,,,,,,,,,,
,,,,,,,,,,,,,,,,,,,,,,,,,,,,,,,,,,,,,,,,,,,,,,,,,,,,,,
,,,,,,,,,,,,,,,,,,,,,,,,,,,,,,,,,,,,,,,,,,,,,,,,,,,,,,
,,,,,,,,,,,,,,,,,,,,,,,,,,,,,,,,,,,,,,,,,,,,,,,,,,,,,,
,,,,,,,,,,,,,,,,,,,,,,,,,,,,,,,,,,,,,,,,,,,,,,,,,,,,,,
,,,,,,,,,,,,,,,,,,,,,,,,,,,,,,,,,,,,,,,,,,,,,,,,,,,,,,
,,,,,,,,,,,,,,,,,,,,,,,,,,,,,,,,,,,,,,,,,,,,,,,,,,,,,,
,,,,,,,,,,,,,,,,,,,,,,,,,,,,,,,,,,,,,,,,,,,,,,,,,,,,,,
,,,,,,,,,,,,,,,,,,,,,,,,,,,,,,,,,,,,,,,,,,,,,,,,,,,,,,
,,,,,,,,,,,,,,,,,,,,,,,,,,,,,,,,,,,,,,,,,,,,,,,,,,,,,,
,,,,,,,,,,,,,,,,,,,,,,,,,,,,,,,,,,,,,,,,,,,,,,,,,,,,,,
,,,,,,,,,,,,,,,,,,,,,,,,,,,,,,,,,,,,,,,,,,,,,,,,,,,,,,
,,,,,,,,,,,,,,,,,,,,,,,,,,,,,,,,,,,,,,,,,,,,,,,,,,,,,,
,,,,,,,,,,,,,,,,,,,,,,,,,,,,,,,,,,,,,,,,,,,,,,,,,,,,,,
,,,,,,,,,,,,,,,,,,,,,,,,,,,,,,,,,,,,,,,,,,,,,,,,,,,,,,
,,,,,,,,,,,,,,,,,,,,,,,,,,,,,,,,,,,,,,,,,,,,,,,,,,,,,,
,,,,,,,,,,,,,,,,,,,,,,,,,,,,,,,,,,,,,,,,,,,,,,,,,,,,,,
,,,,,,,,,,,,,,,,,,,,,,,,,,,,,,,,,,,,,,,,,,,,,,,,,,,,,,
,,,,,,,,,,,,,,,,,,,,,,,,,,,,,,,,,,,,,,,,,,,,,,,,,,,,,,
,,,,,,,,,,,,,,,,,,,,,,,,,,,,,,,,,,,,,,,,,,,,,,,,,,,,,,
,,,,,,,,,,,,,,,,,,,,,,,,,,,,,,,,,,,,,,,,,,,,,,,,,,,,,,
,,,,,,,,,,,,,,,,,,,,,,,,,,,,,,,,,,,,,,,,,,,,,,,,,,,,,,
,,,,,,,,,,,,,,,,,,,,,,,,,,,,,,,,,,,,,,,,,,,,,,,,,,,,,,
,,,,,,,,,,,,,,,,,,,,,,,,,,,,,,,,,,,,,,,,,,,,,,,,,,,,,,
,,,,,,,,,,,,,,,,,,,,,,,,,,,,,,,,,,,,,,,,,,,,,,,,,,,,,,
,,,,,,,,,,,,,,,,,,,,,,,,,,,,,,,,,,,,,,,,,,,,,,,,,,,,,,
,,,,,,,,,,,,,,,,,,,,,,,,,,,,,,,,,,,,,,,,,,,,,,,,,,,,,,
,,,,,,,,,,,,,,,,,,,,,,,,,,,,,,,,,,,,,,,,,,,,,,,,,,,,,,
,,,,,,,,,,,,,,,,,,,,,,,,,,,,,,,,,,,,,,,,,,,,,,,,,,,,,,
,,,,,,,,,,,,,,,,,,,,,,,,,,,,,,,,,,,,,,,,,,,,,,,,,,,,,,
,,,,,,,,,,,,,,,,,,,,,,,,,,,,,,,,,,,,,,,,,,,,,,,,,,,,,,
,,,,,,,,,,,,,,,,,,,,,,,,,,,,,,,,,,,,,,,,,,,,,,,,,,,,,,
,,,,,,,,,,,,,,,,,,,,,,,,,,,,,,,,,,,,,,,,,,,,,,,,,,,,,,
,,,,,,,,,,,,,,,,,,,,,,,,,,,,,,,,,,,,,,,,,,,,,,,,,,,,,,
,,,,,,,,,,,,,,,,,,,,,,,,,,,,,,,,,,,,,,,,,,,,,,,,,,,,,,
,,,,,,,,,,,,,,,,,,,,,,,,,,,,,,,,,,,,,,,,,,,,,,,,,,,,,,
,,,,,,,,,,,,,,,,,,,,,,,,,,,,,,,,,,,,,,,,,,,,,,,,,,,,,,
,,,,,,,,,,,,,,,,,,,,,,,,,,,,,,,,,,,,,,,,,,,,,,,,,,,,,,
,,,,,,,,,,,,,,,,,,,,,,,,,,,,,,,,,,,,,,,,,,,,,,,,,,,,,,
,,,,,,,,,,,,,,,,,,,,,,,,,,,,,,,,,,,,,,,,,,,,,,,,,,,,,,
,,,,,,,,,,,,,,,,,,,,,,,,,,,,,,,,,,,,,,,,,,,,,,,,,,,,,,
,,,,,,,,,,,,,,,,,,,,,,,,,,,,,,,,,,,,,,,,,,,,,,,,,,,,,,
,,,,,,,,,,,,,,,,,,,,,,,,,,,,,,,,,,,,,,,,,,,,,,,,,,,,,,
,,,,,,,,,,,,,,,,,,,,,,,,,,,,,,,,,,,,,,,,,,,,,,,,,,,,,,
,,,,,,,,,,,,,,,,,,,,,,,,,,,,,,,,,,,,,,,,,,,,,,,,,,,,,,
,,,,,,,,,,,,,,,,,,,,,,,,,,,,,,,,,,,,,,,,,,,,,,,,,,,,,,
,,,,,,,,,,,,,,,,,,,,,,,,,,,,,,,,,,,,,,,,,,,,,,,,,,,,,,
,,,,,,,,,,,,,,,,,,,,,,,,,,,,,,,,,,,,,,,,,,,,,,,,,,,,,,
,,,,,,,,,,,,,,,,,,,,,,,,,,,,,,,,,,,,,,,,,,,,,,,,,,,,,,
,,,,,,,,,,,,,,,,,,,,,,,,,,,,,,,,,,,,,,,,,,,,,,,,,,,,,,
,,,,,,,,,,,,,,,,,,,,,,,,,,,,,,,,,,,,,,,,,,,,,,,,,,,,,,
,,,,,,,,,,,,,,,,,,,,,,,,,,,,,,,,,,,,,,,,,,,,,,,,,,,,,,
,,,,,,,,,,,,,,,,,,,,,,,,,,,,,,,,,,,,,,,,,,,,,,,,,,,,,,
,,,,,,,,,,,,,,,,,,,,,,,,,,,,,,,,,,,,,,,,,,,,,,,,,,,,,,
,,,,,,,,,,,,,,,,,,,,,,,,,,,,,,,,,,,,,,,,,,,,,,,,,,,,,,
,,,,,,,,,,,,,,,,,,,,,,,,,,,,,,,,,,,,,,,,,,,,,,,,,,,,,,
,,,,,,,,,,,,,,,,,,,,,,,,,,,,,,,,,,,,,,,,,,,,,,,,,,,,,,
,,,,,,,,,,,,,,,,,,,,,,,,,,,,,,,,,,,,,,,,,,,,,,,,,,,,,,
,,,,,,,,,,,,,,,,,,,,,,,,,,,,,,,,,,,,,,,,,,,,,,,,,,,,,,
,,,,,,,,,,,,,,,,,,,,,,,,,,,,,,,,,,,,,,,,,,,,,,,,,,,,,,
,,,,,,,,,,,,,,,,,,,,,,,,,,,,,,,,,,,,,,,,,,,,,,,,,,,,,,
,,,,,,,,,,,,,,,,,,,,,,,,,,,,,,,,,,,,,,,,,,,,,,,,,,,,,,
,,,,,,,,,,,,,,,,,,,,,,,,,,,,,,,,,,,,,,,,,,,,,,,,,,,,,,
,,,,,,,,,,,,,,,,,,,,,,,,,,,,,,,,,,,,,,,,,,,,,,,,,,,,,,
,,,,,,,,,,,,,,,,,,,,,,,,,,,,,,,,,,,,,,,,,,,,,,,,,,,,,,
,,,,,,,,,,,,,,,,,,,,,,,,,,,,,,,,,,,,,,,,,,,,,,,,,,,,,,
,,,,,,,,,,,,,,,,,,,,,,,,,,,,,,,,,,,,,,,,,,,,,,,,,,,,,,
,,,,,,,,,,,,,,,,,,,,,,,,,,,,,,,,,,,,,,,,,,,,,,,,,,,,,,
,,,,,,,,,,,,,,,,,,,,,,,,,,,,,,,,,,,,,,,,,,,,,,,,,,,,,,
,,,,,,,,,,,,,,,,,,,,,,,,,,,,,,,,,,,,,,,,,,,,,,,,,,,,,,
,,,,,,,,,,,,,,,,,,,,,,,,,,,,,,,,,,,,,,,,,,,,,,,,,,,,,,
,,,,,,,,,,,,,,,,,,,,,,,,,,,,,,,,,,,,,,,,,,,,,,,,,,,,,,
,,,,,,,,,,,,,,,,,,,,,,,,,,,,,,,,,,,,,,,,,,,,,,,,,,,,,,
,,,,,,,,,,,,,,,,,,,,,,,,,,,,,,,,,,,,,,,,,,,,,,,,,,,,,,
,,,,,,,,,,,,,,,,,,,,,,,,,,,,,,,,,,,,,,,,,,,,,,,,,,,,,,
,,,,,,,,,,,,,,,,,,,,,,,,,,,,,,,,,,,,,,,,,,,,,,,,,,,,,,
,,,,,,,,,,,,,,,,,,,,,,,,,,,,,,,,,,,,,,,,,,,,,,,,,,,,,,
,,,,,,,,,,,,,,,,,,,,,,,,,,,,,,,,,,,,,,,,,,,,,,,,,,,,,,
,,,,,,,,,,,,,,,,,,,,,,,,,,,,,,,,,,,,,,,,,,,,,,,,,,,,,,
,,,,,,,,,,,,,,,,,,,,,,,,,,,,,,,,,,,,,,,,,,,,,,,,,,,,,,
,,,,,,,,,,,,,,,,,,,,,,,,,,,,,,,,,,,,,,,,,,,,,,,,,,,,,,
,,,,,,,,,,,,,,,,,,,,,,,,,,,,,,,,,,,,,,,,,,,,,,,,,,,,,,
,,,,,,,,,,,,,,,,,,,,,,,,,,,,,,,,,,,,,,,,,,,,,,,,,,,,,,
,,,,,,,,,,,,,,,,,,,,,,,,,,,,,,,,,,,,,,,,,,,,,,,,,,,,,,
,,,,,,,,,,,,,,,,,,,,,,,,,,,,,,,,,,,,,,,,,,,,,,,,,,,,,,
,,,,,,,,,,,,,,,,,,,,,,,,,,,,,,,,,,,,,,,,,,,,,,,,,,,,,,
,,,,,,,,,,,,,,,,,,,,,,,,,,,,,,,,,,,,,,,,,,,,,,,,,,,,,,
,,,,,,,,,,,,,,,,,,,,,,,,,,,,,,,,,,,,,,,,,,,,,,,,,,,,,,
,,,,,,,,,,,,,,,,,,,,,,,,,,,,,,,,,,,,,,,,,,,,,,,,,,,,,,
,,,,,,,,,,,,,,,,,,,,,,,,,,,,,,,,,,,,,,,,,,,,,,,,,,,,,,
,,,,,,,,,,,,,,,,,,,,,,,,,,,,,,,,,,,,,,,,,,,,,,,,,,,,,,
,,,,,,,,,,,,,,,,,,,,,,,,,,,,,,,,,,,,,,,,,,,,,,,,,,,,,,
,,,,,,,,,,,,,,,,,,,,,,,,,,,,,,,,,,,,,,,,,,,,,,,,,,,,,,
,,,,,,,,,,,,,,,,,,,,,,,,,,,,,,,,,,,,,,,,,,,,,,,,,,,,,,
,,,,,,,,,,,,,,,,,,,,,,,,,,,,,,,,,,,,,,,,,,,,,,,,,,,,,,
,,,,,,,,,,,,,,,,,,,,,,,,,,,,,,,,,,,,,,,,,,,,,,,,,,,,,,
,,,,,,,,,,,,,,,,,,,,,,,,,,,,,,,,,,,,,,,,,,,,,,,,,,,,,,
,,,,,,,,,,,,,,,,,,,,,,,,,,,,,,,,,,,,,,,,,,,,,,,,,,,,,,
,,,,,,,,,,,,,,,,,,,,,,,,,,,,,,,,,,,,,,,,,,,,,,,,,,,,,,
,,,,,,,,,,,,,,,,,,,,,,,,,,,,,,,,,,,,,,,,,,,,,,,,,,,,,,
,,,,,,,,,,,,,,,,,,,,,,,,,,,,,,,,,,,,,,,,,,,,,,,,,,,,,,
,,,,,,,,,,,,,,,,,,,,,,,,,,,,,,,,,,,,,,,,,,,,,,,,,,,,,,
,,,,,,,,,,,,,,,,,,,,,,,,,,,,,,,,,,,,,,,,,,,,,,,,,,,,,,
,,,,,,,,,,,,,,,,,,,,,,,,,,,,,,,,,,,,,,,,,,,,,,,,,,,,,,
,,,,,,,,,,,,,,,,,,,,,,,,,,,,,,,,,,,,,,,,,,,,,,,,,,,,,,
,,,,,,,,,,,,,,,,,,,,,,,,,,,,,,,,,,,,,,,,,,,,,,,,,,,,,,
,,,,,,,,,,,,,,,,,,,,,,,,,,,,,,,,,,,,,,,,,,,,,,,,,,,,,,
,,,,,,,,,,,,,,,,,,,,,,,,,,,,,,,,,,,,,,,,,,,,,,,,,,,,,,
,,,,,,,,,,,,,,,,,,,,,,,,,,,,,,,,,,,,,,,,,,,,,,,,,,,,,,
,,,,,,,,,,,,,,,,,,,,,,,,,,,,,,,,,,,,,,,,,,,,,,,,,,,,,,
,,,,,,,,,,,,,,,,,,,,,,,,,,,,,,,,,,,,,,,,,,,,,,,,,,,,,,
,,,,,,,,,,,,,,,,,,,,,,,,,,,,,,,,,,,,,,,,,,,,,,,,,,,,,,
,,,,,,,,,,,,,,,,,,,,,,,,,,,,,,,,,,,,,,,,,,,,,,,,,,,,,,
,,,,,,,,,,,,,,,,,,,,,,,,,,,,,,,,,,,,,,,,,,,,,,,,,,,,,,
,,,,,,,,,,,,,,,,,,,,,,,,,,,,,,,,,,,,,,,,,,,,,,,,,,,,,,
,,,,,,,,,,,,,,,,,,,,,,,,,,,,,,,,,,,,,,,,,,,,,,,,,,,,,,
,,,,,,,,,,,,,,,,,,,,,,,,,,,,,,,,,,,,,,,,,,,,,,,,,,,,,,
,,,,,,,,,,,,,,,,,,,,,,,,,,,,,,,,,,,,,,,,,,,,,,,,,,,,,,
,,,,,,,,,,,,,,,,,,,,,,,,,,,,,,,,,,,,,,,,,,,,,,,,,,,,,,
,,,,,,,,,,,,,,,,,,,,,,,,,,,,,,,,,,,,,,,,,,,,,,,,,,,,,,
,,,,,,,,,,,,,,,,,,,,,,,,,,,,,,,,,,,,,,,,,,,,,,,,,,,,,,
,,,,,,,,,,,,,,,,,,,,,,,,,,,,,,,,,,,,,,,,,,,,,,,,,,,,,,
,,,,,,,,,,,,,,,,,,,,,,,,,,,,,,,,,,,,,,,,,,,,,,,,,,,,,,
,,,,,,,,,,,,,,,,,,,,,,,,,,,,,,,,,,,,,,,,,,,,,,,,,,,,,,
,,,,,,,,,,,,,,,,,,,,,,,,,,,,,,,,,,,,,,,,,,,,,,,,,,,,,,
,,,,,,,,,,,,,,,,,,,,,,,,,,,,,,,,,,,,,,,,,,,,,,,,,,,,,,
,,,,,,,,,,,,,,,,,,,,,,,,,,,,,,,,,,,,,,,,,,,,,,,,,,,,,,
,,,,,,,,,,,,,,,,,,,,,,,,,,,,,,,,,,,,,,,,,,,,,,,,,,,,,,
,,,,,,,,,,,,,,,,,,,,,,,,,,,,,,,,,,,,,,,,,,,,,,,,,,,,,,
,,,,,,,,,,,,,,,,,,,,,,,,,,,,,,,,,,,,,,,,,,,,,,,,,,,,,,
,,,,,,,,,,,,,,,,,,,,,,,,,,,,,,,,,,,,,,,,,,,,,,,,,,,,,,
,,,,,,,,,,,,,,,,,,,,,,,,,,,,,,,,,,,,,,,,,,,,,,,,,,,,,,
,,,,,,,,,,,,,,,,,,,,,,,,,,,,,,,,,,,,,,,,,,,,,,,,,,,,,,
,,,,,,,,,,,,,,,,,,,,,,,,,,,,,,,,,,,,,,,,,,,,,,,,,,,,,,
,,,,,,,,,,,,,,,,,,,,,,,,,,,,,,,,,,,,,,,,,,,,,,,,,,,,,,
,,,,,,,,,,,,,,,,,,,,,,,,,,,,,,,,,,,,,,,,,,,,,,,,,,,,,,
,,,,,,,,,,,,,,,,,,,,,,,,,,,,,,,,,,,,,,,,,,,,,,,,,,,,,,
,,,,,,,,,,,,,,,,,,,,,,,,,,,,,,,,,,,,,,,,,,,,,,,,,,,,,,
,,,,,,,,,,,,,,,,,,,,,,,,,,,,,,,,,,,,,,,,,,,,,,,,,,,,,,
,,,,,,,,,,,,,,,,,,,,,,,,,,,,,,,,,,,,,,,,,,,,,,,,,,,,,,
,,,,,,,,,,,,,,,,,,,,,,,,,,,,,,,,,,,,,,,,,,,,,,,,,,,,,,
,,,,,,,,,,,,,,,,,,,,,,,,,,,,,,,,,,,,,,,,,,,,,,,,,,,,,,
,,,,,,,,,,,,,,,,,,,,,,,,,,,,,,,,,,,,,,,,,,,,,,,,,,,,,,
,,,,,,,,,,,,,,,,,,,,,,,,,,,,,,,,,,,,,,,,,,,,,,,,,,,,,,
,,,,,,,,,,,,,,,,,,,,,,,,,,,,,,,,,,,,,,,,,,,,,,,,,,,,,,
,,,,,,,,,,,,,,,,,,,,,,,,,,,,,,,,,,,,,,,,,,,,,,,,,,,,,,
,,,,,,,,,,,,,,,,,,,,,,,,,,,,,,,,,,,,,,,,,,,,,,,,,,,,,,
,,,,,,,,,,,,,,,,,,,,,,,,,,,,,,,,,,,,,,,,,,,,,,,,,,,,,,
,,,,,,,,,,,,,,,,,,,,,,,,,,,,,,,,,,,,,,,,,,,,,,,,,,,,,,
,,,,,,,,,,,,,,,,,,,,,,,,,,,,,,,,,,,,,,,,,,,,,,,,,,,,,,
,,,,,,,,,,,,,,,,,,,,,,,,,,,,,,,,,,,,,,,,,,,,,,,,,,,,,,
,,,,,,,,,,,,,,,,,,,,,,,,,,,,,,,,,,,,,,,,,,,,,,,,,,,,,,
,,,,,,,,,,,,,,,,,,,,,,,,,,,,,,,,,,,,,,,,,,,,,,,,,,,,,,
,,,,,,,,,,,,,,,,,,,,,,,,,,,,,,,,,,,,,,,,,,,,,,,,,,,,,,
,,,,,,,,,,,,,,,,,,,,,,,,,,,,,,,,,,,,,,,,,,,,,,,,,,,,,,
,,,,,,,,,,,,,,,,,,,,,,,,,,,,,,,,,,,,,,,,,,,,,,,,,,,,,,
,,,,,,,,,,,,,,,,,,,,,,,,,,,,,,,,,,,,,,,,,,,,,,,,,,,,,,
,,,,,,,,,,,,,,,,,,,,,,,,,,,,,,,,,,,,,,,,,,,,,,,,,,,,,,
,,,,,,,,,,,,,,,,,,,,,,,,,,,,,,,,,,,,,,,,,,,,,,,,,,,,,,
,,,,,,,,,,,,,,,,,,,,,,,,,,,,,,,,,,,,,,,,,,,,,,,,,,,,,,
,,,,,,,,,,,,,,,,,,,,,,,,,,,,,,,,,,,,,,,,,,,,,,,,,,,,,,
,,,,,,,,,,,,,,,,,,,,,,,,,,,,,,,,,,,,,,,,,,,,,,,,,,,,,,
,,,,,,,,,,,,,,,,,,,,,,,,,,,,,,,,,,,,,,,,,,,,,,,,,,,,,,
,,,,,,,,,,,,,,,,,,,,,,,,,,,,,,,,,,,,,,,,,,,,,,,,,,,,,,
,,,,,,,,,,,,,,,,,,,,,,,,,,,,,,,,,,,,,,,,,,,,,,,,,,,,,,
,,,,,,,,,,,,,,,,,,,,,,,,,,,,,,,,,,,,,,,,,,,,,,,,,,,,,,
,,,,,,,,,,,,,,,,,,,,,,,,,,,,,,,,,,,,,,,,,,,,,,,,,,,,,,
,,,,,,,,,,,,,,,,,,,,,,,,,,,,,,,,,,,,,,,,,,,,,,,,,,,,,,
,,,,,,,,,,,,,,,,,,,,,,,,,,,,,,,,,,,,,,,,,,,,,,,,,,,,,,
,,,,,,,,,,,,,,,,,,,,,,,,,,,,,,,,,,,,,,,,,,,,,,,,,,,,,,
,,,,,,,,,,,,,,,,,,,,,,,,,,,,,,,,,,,,,,,,,,,,,,,,,,,,,,
,,,,,,,,,,,,,,,,,,,,,,,,,,,,,,,,,,,,,,,,,,,,,,,,,,,,,,
,,,,,,,,,,,,,,,,,,,,,,,,,,,,,,,,,,,,,,,,,,,,,,,,,,,,,,
,,,,,,,,,,,,,,,,,,,,,,,,,,,,,,,,,,,,,,,,,,,,,,,,,,,,,,
,,,,,,,,,,,,,,,,,,,,,,,,,,,,,,,,,,,,,,,,,,,,,,,,,,,,,,
,,,,,,,,,,,,,,,,,,,,,,,,,,,,,,,,,,,,,,,,,,,,,,,,,,,,,,
,,,,,,,,,,,,,,,,,,,,,,,,,,,,,,,,,,,,,,,,,,,,,,,,,,,,,,
,,,,,,,,,,,,,,,,,,,,,,,,,,,,,,,,,,,,,,,,,,,,,,,,,,,,,,
,,,,,,,,,,,,,,,,,,,,,,,,,,,,,,,,,,,,,,,,,,,,,,,,,,,,,,
,,,,,,,,,,,,,,,,,,,,,,,,,,,,,,,,,,,,,,,,,,,,,,,,,,,,,,
,,,,,,,,,,,,,,,,,,,,,,,,,,,,,,,,,,,,,,,,,,,,,,,,,,,,,,
,,,,,,,,,,,,,,,,,,,,,,,,,,,,,,,,,,,,,,,,,,,,,,,,,,,,,,
,,,,,,,,,,,,,,,,,,,,,,,,,,,,,,,,,,,,,,,,,,,,,,,,,,,,,,
,,,,,,,,,,,,,,,,,,,,,,,,,,,,,,,,,,,,,,,,,,,,,,,,,,,,,,
,,,,,,,,,,,,,,,,,,,,,,,,,,,,,,,,,,,,,,,,,,,,,,,,,,,,,,
,,,,,,,,,,,,,,,,,,,,,,,,,,,,,,,,,,,,,,,,,,,,,,,,,,,,,,
,,,,,,,,,,,,,,,,,,,,,,,,,,,,,,,,,,,,,,,,,,,,,,,,,,,,,,
,,,,,,,,,,,,,,,,,,,,,,,,,,,,,,,,,,,,,,,,,,,,,,,,,,,,,,
,,,,,,,,,,,,,,,,,,,,,,,,,,,,,,,,,,,,,,,,,,,,,,,,,,,,,,
,,,,,,,,,,,,,,,,,,,,,,,,,,,,,,,,,,,,,,,,,,,,,,,,,,,,,,
,,,,,,,,,,,,,,,,,,,,,,,,,,,,,,,,,,,,,,,,,,,,,,,,,,,,,,
,,,,,,,,,,,,,,,,,,,,,,,,,,,,,,,,,,,,,,,,,,,,,,,,,,,,,,
,,,,,,,,,,,,,,,,,,,,,,,,,,,,,,,,,,,,,,,,,,,,,,,,,,,,,,
,,,,,,,,,,,,,,,,,,,,,,,,,,,,,,,,,,,,,,,,,,,,,,,,,,,,,,
,,,,,,,,,,,,,,,,,,,,,,,,,,,,,,,,,,,,,,,,,,,,,,,,,,,,,,
,,,,,,,,,,,,,,,,,,,,,,,,,,,,,,,,,,,,,,,,,,,,,,,,,,,,,,
,,,,,,,,,,,,,,,,,,,,,,,,,,,,,,,,,,,,,,,,,,,,,,,,,,,,,,
,,,,,,,,,,,,,,,,,,,,,,,,,,,,,,,,,,,,,,,,,,,,,,,,,,,,,,
,,,,,,,,,,,,,,,,,,,,,,,,,,,,,,,,,,,,,,,,,,,,,,,,,,,,,,
,,,,,,,,,,,,,,,,,,,,,,,,,,,,,,,,,,,,,,,,,,,,,,,,,,,,,,
,,,,,,,,,,,,,,,,,,,,,,,,,,,,,,,,,,,,,,,,,,,,,,,,,,,,,,
,,,,,,,,,,,,,,,,,,,,,,,,,,,,,,,,,,,,,,,,,,,,,,,,,,,,,,
,,,,,,,,,,,,,,,,,,,,,,,,,,,,,,,,,,,,,,,,,,,,,,,,,,,,,,
,,,,,,,,,,,,,,,,,,,,,,,,,,,,,,,,,,,,,,,,,,,,,,,,,,,,,,
,,,,,,,,,,,,,,,,,,,,,,,,,,,,,,,,,,,,,,,,,,,,,,,,,,,,,,
,,,,,,,,,,,,,,,,,,,,,,,,,,,,,,,,,,,,,,,,,,,,,,,,,,,,,,
,,,,,,,,,,,,,,,,,,,,,,,,,,,,,,,,,,,,,,,,,,,,,,,,,,,,,,
,,,,,,,,,,,,,,,,,,,,,,,,,,,,,,,,,,,,,,,,,,,,,,,,,,,,,,
,,,,,,,,,,,,,,,,,,,,,,,,,,,,,,,,,,,,,,,,,,,,,,,,,,,,,,
,,,,,,,,,,,,,,,,,,,,,,,,,,,,,,,,,,,,,,,,,,,,,,,,,,,,,,
,,,,,,,,,,,,,,,,,,,,,,,,,,,,,,,,,,,,,,,,,,,,,,,,,,,,,,
,,,,,,,,,,,,,,,,,,,,,,,,,,,,,,,,,,,,,,,,,,,,,,,,,,,,,,
,,,,,,,,,,,,,,,,,,,,,,,,,,,,,,,,,,,,,,,,,,,,,,,,,,,,,,
,,,,,,,,,,,,,,,,,,,,,,,,,,,,,,,,,,,,,,,,,,,,,,,,,,,,,,
,,,,,,,,,,,,,,,,,,,,,,,,,,,,,,,,,,,,,,,,,,,,,,,,,,,,,,
,,,,,,,,,,,,,,,,,,,,,,,,,,,,,,,,,,,,,,,,,,,,,,,,,,,,,,
,,,,,,,,,,,,,,,,,,,,,,,,,,,,,,,,,,,,,,,,,,,,,,,,,,,,,,
,,,,,,,,,,,,,,,,,,,,,,,,,,,,,,,,,,,,,,,,,,,,,,,,,,,,,,
,,,,,,,,,,,,,,,,,,,,,,,,,,,,,,,,,,,,,,,,,,,,,,,,,,,,,,
,,,,,,,,,,,,,,,,,,,,,,,,,,,,,,,,,,,,,,,,,,,,,,,,,,,,,,
,,,,,,,,,,,,,,,,,,,,,,,,,,,,,,,,,,,,,,,,,,,,,,,,,,,,,,
,,,,,,,,,,,,,,,,,,,,,,,,,,,,,,,,,,,,,,,,,,,,,,,,,,,,,,
,,,,,,,,,,,,,,,,,,,,,,,,,,,,,,,,,,,,,,,,,,,,,,,,,,,,,,
,,,,,,,,,,,,,,,,,,,,,,,,,,,,,,,,,,,,,,,,,,,,,,,,,,,,,,
,,,,,,,,,,,,,,,,,,,,,,,,,,,,,,,,,,,,,,,,,,,,,,,,,,,,,,
,,,,,,,,,,,,,,,,,,,,,,,,,,,,,,,,,,,,,,,,,,,,,,,,,,,,,,
,,,,,,,,,,,,,,,,,,,,,,,,,,,,,,,,,,,,,,,,,,,,,,,,,,,,,,
,,,,,,,,,,,,,,,,,,,,,,,,,,,,,,,,,,,,,,,,,,,,,,,,,,,,,,
,,,,,,,,,,,,,,,,,,,,,,,,,,,,,,,,,,,,,,,,,,,,,,,,,,,,,,
,,,,,,,,,,,,,,,,,,,,,,,,,,,,,,,,,,,,,,,,,,,,,,,,,,,,,,
,,,,,,,,,,,,,,,,,,,,,,,,,,,,,,,,,,,,,,,,,,,,,,,,,,,,,,
,,,,,,,,,,,,,,,,,,,,,,,,,,,,,,,,,,,,,,,,,,,,,,,,,,,,,,
,,,,,,,,,,,,,,,,,,,,,,,,,,,,,,,,,,,,,,,,,,,,,,,,,,,,,,
,,,,,,,,,,,,,,,,,,,,,,,,,,,,,,,,,,,,,,,,,,,,,,,,,,,,,,
,,,,,,,,,,,,,,,,,,,,,,,,,,,,,,,,,,,,,,,,,,,,,,,,,,,,,,
,,,,,,,,,,,,,,,,,,,,,,,,,,,,,,,,,,,,,,,,,,,,,,,,,,,,,,
,,,,,,,,,,,,,,,,,,,,,,,,,,,,,,,,,,,,,,,,,,,,,,,,,,,,,,
,,,,,,,,,,,,,,,,,,,,,,,,,,,,,,,,,,,,,,,,,,,,,,,,,,,,,,
,,,,,,,,,,,,,,,,,,,,,,,,,,,,,,,,,,,,,,,,,,,,,,,,,,,,,,
,,,,,,,,,,,,,,,,,,,,,,,,,,,,,,,,,,,,,,,,,,,,,,,,,,,,,,
,,,,,,,,,,,,,,,,,,,,,,,,,,,,,,,,,,,,,,,,,,,,,,,,,,,,,,
,,,,,,,,,,,,,,,,,,,,,,,,,,,,,,,,,,,,,,,,,,,,,,,,,,,,,,
,,,,,,,,,,,,,,,,,,,,,,,,,,,,,,,,,,,,,,,,,,,,,,,,,,,,,,
,,,,,,,,,,,,,,,,,,,,,,,,,,,,,,,,,,,,,,,,,,,,,,,,,,,,,,
,,,,,,,,,,,,,,,,,,,,,,,,,,,,,,,,,,,,,,,,,,,,,,,,,,,,,,
,,,,,,,,,,,,,,,,,,,,,,,,,,,,,,,,,,,,,,,,,,,,,,,,,,,,,,
,,,,,,,,,,,,,,,,,,,,,,,,,,,,,,,,,,,,,,,,,,,,,,,,,,,,,,
,,,,,,,,,,,,,,,,,,,,,,,,,,,,,,,,,,,,,,,,,,,,,,,,,,,,,,
,,,,,,,,,,,,,,,,,,,,,,,,,,,,,,,,,,,,,,,,,,,,,,,,,,,,,,
,,,,,,,,,,,,,,,,,,,,,,,,,,,,,,,,,,,,,,,,,,,,,,,,,,,,,,
,,,,,,,,,,,,,,,,,,,,,,,,,,,,,,,,,,,,,,,,,,,,,,,,,,,,,,
,,,,,,,,,,,,,,,,,,,,,,,,,,,,,,,,,,,,,,,,,,,,,,,,,,,,,,
,,,,,,,,,,,,,,,,,,,,,,,,,,,,,,,,,,,,,,,,,,,,,,,,,,,,,,
,,,,,,,,,,,,,,,,,,,,,,,,,,,,,,,,,,,,,,,,,,,,,,,,,,,,,,
,,,,,,,,,,,,,,,,,,,,,,,,,,,,,,,,,,,,,,,,,,,,,,,,,,,,,,
,,,,,,,,,,,,,,,,,,,,,,,,,,,,,,,,,,,,,,,,,,,,,,,,,,,,,,
,,,,,,,,,,,,,,,,,,,,,,,,,,,,,,,,,,,,,,,,,,,,,,,,,,,,,,
,,,,,,,,,,,,,,,,,,,,,,,,,,,,,,,,,,,,,,,,,,,,,,,,,,,,,,
,,,,,,,,,,,,,,,,,,,,,,,,,,,,,,,,,,,,,,,,,,,,,,,,,,,,,,
,,,,,,,,,,,,,,,,,,,,,,,,,,,,,,,,,,,,,,,,,,,,,,,,,,,,,,
